ItemId,Serial No.,Item Code,Item Name,Description,SRP,Size,Tonality,PhysicalCount,Broken
1,220110015,01 / M302,01/ Roma Base,30X30 Glazed Ceramic Tile (17/box),1,30x30,15,0,
2,220110016,01 / M302,01/ Roma Base,30X30 Glazed Ceramic Tile (17/box),1,30x30,16,0,
3,220110017,01-0/ Roma Base,01/ Roma Base,30X30 Glazed Ceramic Tile (17/box),1,30x30,17,44911,
4,220110018,01 / M302,01/ Roma Base,30X30 Glazed Ceramic Tile (17/box),1,30x30,18,0,
5,220110019,01 / M302,01/ Roma Base,30X30 Glazed Ceramic Tile (17/box),1,30x30,19,0,
6,201860004,01-0,01/ Roma Base,30X30 Glazed Ceramic Tile (17/box),1,30x30,4,338,
7,201860005,05-1,01/ Roma Base,30X30 Glazed Ceramic Tile (17/box),1,30x30,5,0,
8,220120010,1-23F,1206/ New Marble,20x30 Ceramic Wall Tile (25/box),1,20x30,10,10000,
9,200140004,1106,306 Arizona Matte,30x30 Semi Polished Granite Tile (17/box),1,30x30,4,0,
10,200140029,1106,306 Arizona Matte,30x30 Semi Polished Granite Tile (17/box),1,30x30,29,0,
11,200140030,1106,306 Arizona Matte,30x30 Semi Polished Granite Tile (17/box),1,30x30,30,0,
12,200140033,1106,306 Arizona Matte,30x30 Semi Polished Granite Tile (17/box),1,30x30,34,0,
13,200140034,1106,306 Arizona Matte,30x30 Semi Polished Granite Tile (17/box),1,30x30,35,0,
14,200140035,1106,306 Arizona Matte,30x30 Semi Polished Granite Tile (17/box),1,30x30,36,0,
15,220130021,1206,1206/ New Marble,20x30 Ceramic Wall Tile (25/box),1,20x30,21,0,
16,202030002,12GAB1,1206/ New Marble,20x30 Ceramic Wall Tile (25/box),1,20x30,2,10000,
17,202030003,12GAB1,1206/ New Marble,20x30 Ceramic Wall Tile (25/box),1,20x30,3,10000,
18,202030008,12GAB1,1206/ New Marble,20x30 Ceramic Wall Tile (25/box),1,20x30,8,10000,
19,202030918,12GAB1,1206/ New Marble,20x30 Ceramic Wall Tile (25/box),1,20x30,R1,10000,
20,202040001,12GAW1,12GAW1/ Subway Tile White,10x20 Glazed Ceramic (60/box),1,10x20,1,34242,
21,202040011,12GAW1,12GAW1/ Subway Tile White,10x20 Glazed Ceramic (60/box),1,10x20,11,34242,
22,202040822,12GAW1,12GAW1/ Subway Tile White,10x20 Glazed Ceramic (60/box),1,10x20,J1,34242,
23,202040918,12GAW1,12GAW1/ Subway Tile White,10x20 Glazed Ceramic (60/box),1,10x20,R1,34242,
24,202040936,12GAW1,12GAW1/ Subway Tile White,10x20 Glazed Ceramic (60/box),1,10x20,R3,34242,
25,202050003,12GBC1,12GAW1/ Subway Tile White,10x20 Glazed Ceramic (60/box),1,10x20,3,38389,
26,202050004,12GBC1,12GAW1/ Subway Tile White,10x20 Glazed Ceramic (60/box),1,10x20,4,38389,
27,202050005,12GBC1,12GAW1/ Subway Tile White,10x20 Glazed Ceramic (60/box),1,10x20,5,38389,
28,202050006,12GBC1,12GAW1/ Subway Tile White,10x20 Glazed Ceramic (60/box),1,10x20,6,38389,
29,202050015,12GBC1,12GAW1/ Subway Tile White,10x20 Glazed Ceramic (60/box),1,10x20,15,38389,
30,202050016,12GBC1,12GAW1/ Subway Tile White,10x20 Glazed Ceramic (60/box),1,10x20,16,38389,
31,202050723,12GBC1,12GAW1/ Subway Tile White,10x20 Glazed Ceramic (60/box),1,10x20,H1,38389,
32,202050918,12GBC1,12GAW1/ Subway Tile White,10x20 Glazed Ceramic (60/box),1,10x20,R1,38389,
33,202060001,12GCL3,12GBC1 Backsplash Gray,10x20 Glazed Ceramic (60/box),1,10x20,1,68627,
34,202060002,12GCL3,12GBC1 Backsplash Gray,10x20 Glazed Ceramic (60/box),1,10x20,2,68627,
35,202060003,12GCL3,12GBC1 Backsplash Gray,10x20 Glazed Ceramic (60/box),1,10x20,3,68627,
36,202070003,12GDH1,12GCL3 Blacksplash Yellow,10x20 Glazed Ceramic (60/box),1,10x20,3,32739,
37,202070011,12GDH1,12GCL3 Blacksplash Yellow,10x20 Glazed Ceramic (60/box),1,10x20,11,32739,
38,202070013,12GDH1,12GCL3 Blacksplash Yellow,10x20 Glazed Ceramic (60/box),1,10x20,13,32739,
39,202070014,12GDH1,12GCL3 Blacksplash Yellow,10x20 Glazed Ceramic (60/box),1,10x20,14,32739,
40,202080001,12GDM1,12GDH1 Backsplash Black,10x20 Glazed Ceramic (60/box),1,10x20,1,35214,
41,202080002,12GDM1,12GDH1 Backsplash Black,10x20 Glazed Ceramic (60/box),1,10x20,2,35214,
42,202080003,12GDM1,12GDH1 Backsplash Black,10x20 Glazed Ceramic (60/box),1,10x20,3,35214,
43,202090001,12GEK2,12GDM1 Backsplash Blue,10x20 Glazed Ceramic (60/box),1,10x20,1,51081,
44,202090003,12GEK2,12GDM1 Backsplash Blue,10x20 Glazed Ceramic (60/box),1,10x20,3,51081,
45,202090004,12GEK2,12GDM1 Backsplash Blue,10x20 Glazed Ceramic (60/box),1,10x20,4,51081,
55,219890497,1805,306 Arizona Matte,30x30 Semi Polished Granite Tile (17/box),1,30x30,5,0,
56,202290002,180A,180A/ Open Pink,20x30 Ceramic Wall Tile (25/box),1,20x30,2,19351,
57,202290003,180A,180A/ Open Pink,20x30 Ceramic Wall Tile (25/box),1,20x30,3,19351,
58,202290011,180A,180A/ Open Pink,20x30 Ceramic Wall Tile (25/box),1,20x30,11,19351,
59,202290015,180A,180A/ Open Pink,20x30 Ceramic Wall Tile (25/box),1,20x30,15,19351,
60,202290016,180A,180A/ Open Pink,20x30 Ceramic Wall Tile (25/box),1,20x30,16,19351,
61,202290018,180A,180A/ Open Pink,20x30 Ceramic Wall Tile (25/box),1,20x30,18,19351,
62,202290021,180A,180A/ Open Pink,20x30 Ceramic Wall Tile (25/box),1,20x30,21,19351,
63,202290022,180A,180A/ Open Pink,20x30 Ceramic Wall Tile (25/box),1,20x30,22,19351,
64,202290023,180A,180A/ Open Pink,20x30 Ceramic Wall Tile (25/box),1,20x30,23,19351,
65,202290024,180A,180A/ Open Pink,20x30 Ceramic Wall Tile (25/box),1,20x30,24,19351,
75,202340864,2-6B60481,264-B/ Green Marble,20x30 Ceramic Wall Tile (25/box),1,20x30,ME05,14205,
76,202340865,2-6B60481,264-B/ Green Marble,20x30 Ceramic Wall Tile (25/box),1,20x30,ME07,14205,
77,202340866,2-6B60481,264-B/ Green Marble,20x30 Ceramic Wall Tile (25/box),1,20x30,ME08,14205,
78,202350865,2-6B60481-J1,264-B/ Green Marble,20x30 Ceramic Wall Tile (25/box),1,20x30,ME07,67913,
79,202350866,2-6B60481-J1,264-B/ Green Marble,20x30 Ceramic Wall Tile (25/box),1,20x30,ME08,67913,
80,202350911,2-6B60481-J1,264-B/ Green Marble,20x30 Ceramic Wall Tile (25/box),1,20x30,O34,67913,
81,200180585,2001,306 Arizona Matte,30x30 Semi Polished Granite Tile (17/box),1,30x30,A4,0,
82,200220531,2007,306 Arizona Matte,30x30 Semi Polished Granite Tile (17/box),1,30x30,A1,0,
83,200220546,2007,306 Arizona Matte,30x30 Semi Polished Granite Tile (17/box),1,30x30,A2,0,
84,200220568,2007,306 Arizona Matte,30x30 Semi Polished Granite Tile (17/box),1,30x30,A3,0,
85,200220585,2007,306 Arizona Matte,30x30 Semi Polished Granite Tile (17/box),1,30x30,A4,0,
86,219900531,2016,306 Arizona Matte,30x30 Semi Polished Granite Tile (17/box),1,30x30,A1,0,
87,200310012,2017,306 Arizona Matte,30x30 Semi Polished Granite Tile (17/box),1,30x30,12,0,
88,200310531,2017,306 Arizona Matte,30x30 Semi Polished Granite Tile (17/box),1,30x30,A1,0,
89,200310546,2017,306 Arizona Matte,30x30 Semi Polished Granite Tile (17/box),1,30x30,A2,0,
90,200320531,2019,306 Arizona Matte,30x30 Semi Polished Granite Tile (17/box),1,30x30,A1,0,
91,200320568,2019,306 Arizona Matte,30x30 Semi Polished Granite Tile (17/box),1,30x30,A3,0,
92,200320585,2019,306 Arizona Matte,30x30 Semi Polished Granite Tile (17/box),1,30x30,A4,0,
93,200320594,2019,306 Arizona Matte,30x30 Semi Polished Granite Tile (17/box),1,30x30,A5,0,
94,200320604,2019,306 Arizona Matte,30x30 Semi Polished Granite Tile (17/box),1,30x30,A6,0,
95,200330531,2020,306 Arizona Matte,30x30 Semi Polished Granite Tile (17/box),1,30x30,A1,0,
96,200340531,2021,306 Arizona Matte,30x30 Semi Polished Granite Tile (17/box),1,30x30,A1,0,
97,200340546,2021,306 Arizona Matte,30x30 Semi Polished Granite Tile (17/box),1,30x30,A2,0,
98,200340568,2021,306 Arizona Matte,30x30 Semi Polished Granite Tile (17/box),1,30x30,A3,0,
99,200340585,2021,306 Arizona Matte,30x30 Semi Polished Granite Tile (17/box),1,30x30,A4,0,
100,200340594,2021,306 Arizona Matte,30x30 Semi Polished Granite Tile (17/box),1,30x30,A5,0,
101,200340604,2021,306 Arizona Matte,30x30 Semi Polished Granite Tile (17/box),1,30x30,A6,0,
102,220140002,20N,20L/ Soma White Design.,20x30 Ceramic Wall Tile,1,20x30,2,0,
103,202550002,20P-0,20P-0,20x30 Ceramic Wall Tile,1,20x30,2,64543,
104,202550003,20P-0,20P-0,20x30 Ceramic Wall Tile,1,20x30,3,64543,
105,202560001,20Q,20Q,20x30 Ceramic Wall Tile,1,20x30,1,26950,
106,202560002,20Q,20Q,20x30 Ceramic Wall Tile,1,20x30,2,26950,
107,202560003,20Q,20Q,20x30 Ceramic Wall Tile,1,20x30,3,26950,
108,202560004,20Q,20Q,20x30 Ceramic Wall Tile,1,20x30,4,26950,
109,202570001,20R,20R,20x30 Ceramic Wall Tile,1,20x30,1,71077,
110,202570002,20R,20R,20x30 Ceramic Wall Tile,1,20x30,2,71077,
111,202570003,20R,20R,20x30 Ceramic Wall Tile,1,20x30,3,71077,
112,220150013,21009,20R,20x30 Ceramic Wall Tile,1,20x30,13,0,
113,201330003,21009,306 Arizona Matte,30x30 Semi Polished Granite Tile (17/box),1,30x30,3,0,
114,201330009,21009,306 Arizona Matte,30x30 Semi Polished Granite Tile (17/box),1,30x30,9,0,
115,201330010,21009,306 Arizona Matte,30x30 Semi Polished Granite Tile (17/box),1,30x30,10,0,
116,201330011,21009,306 Arizona Matte,30x30 Semi Polished Granite Tile (17/box),1,30x30,11,0,
117,201330012,21009,306 Arizona Matte,30x30 Semi Polished Granite Tile (17/box),1,30x30,12,0,
118,201330014,21009,306 Arizona Matte,30x30 Semi Polished Granite Tile (17/box),1,30x30,14,0,
119,201330015,21009,306 Arizona Matte,30x30 Semi Polished Granite Tile (17/box),1,30x30,15,0,
120,201330016,21009,306 Arizona Matte,30x30 Semi Polished Granite Tile (17/box),1,30x30,16,0,
121,201330020,21009,306 Arizona Matte,30x30 Semi Polished Granite Tile (17/box),1,30x30,20,0,
124,202640003,220T,220T/ White Stray,30X30 Glazed Ceramic Tile (17/box),1,30x30,3,60,
125,202640004,220T,220T/ White Stray,30X30 Glazed Ceramic Tile (17/box),1,30x30,4,60,
126,202640005,220T,220T/ White Stray,30X30 Glazed Ceramic Tile (17/box),1,30x30,5,60,
127,202640006,220T,220T/ White Stray,30X30 Glazed Ceramic Tile (17/box),1,30x30,6,60,
128,202640013,220T,220T/ White Stray,30X30 Glazed Ceramic Tile (17/box),1,30x30,13,60,
129,202640014,220T,220T/ White Stray,30X30 Glazed Ceramic Tile (17/box),1,30x30,14,60,
132,202700001,22AW1,22AB1 Beige,20x20 Glazed Ceramic (47/box),1,20x20,1,27301,
133,202700003,22AW1,22AB1 Beige,20x20 Glazed Ceramic (47/box),1,20x20,3,27301,
134,202700009,22AW1,22AB1 Beige,20x20 Glazed Ceramic (47/box),1,20x20,9,27301,
135,202700010,22AW1,22AB1 Beige,20x20 Glazed Ceramic (47/box),1,20x20,10,27301,
136,202700824,22AW1,22AB1 Beige,20x20 Glazed Ceramic (47/box),1,20x20,J3,27301,
137,202700918,22AW1,22AB1 Beige,20x20 Glazed Ceramic (47/box),1,20x20,R1,27301,
138,202700919,22AW1,22AB1 Beige,20x20 Glazed Ceramic (47/box),1,20x20,R1 A2,27301,
139,220160001,22AW1H,22AW1 White,20x20 Glazed Ceramic (47/box),1,20x20,1,33938,
140,220160822,22AW1H,22AW1 White,20x20 Glazed Ceramic (47/box),1,20x20,J1,33938,
141,220160824,22AW1H,22AW1 White,20x20 Glazed Ceramic (47/box),1,20x20,J3,33938,
142,202710001,22AW1H-1,22AW1H-1,20x20 Glazed Ceramic (47/box),1,20x20,1,94,
143,202720001,22AW1H-2,22AW1H-2,20x20 Glazed Ceramic (47/box),1,20x20,1,28813,
144,202720822,22AW1H-2,22AW1H-2,20x20 Glazed Ceramic (47/box),1,20x20,J1,28813,
145,202730001,22AW1H-4,22AW1H-4,20x20 Glazed Ceramic (47/box),1,20x20,1,38882,
146,202730003,22AW1H-4,22AW1H-4,20x20 Glazed Ceramic (47/box),1,20x20,3,38882,
147,202730822,22AW1H-4,22AW1H-4,20x20 Glazed Ceramic (47/box),1,20x20,J1,38882,
148,202750001,22BC1,22AW1MH1 (mixed in shipment),20x20 Glazed Ceramic (47/box)-Mixed Item Only,1,20x20,1,208,
149,202750002,22BC1,22AW1MH1 (mixed in shipment),20x20 Glazed Ceramic (47/box)-Mixed Item Only,1,20x20,2,208,
150,202750005,22BC1,22AW1MH1 (mixed in shipment),20x20 Glazed Ceramic (47/box)-Mixed Item Only,1,20x20,5,208,
151,202760001,22CL3,22BC1 Grey,20x20 Glazed Ceramic (47/box),1,20x20,1,49733,
152,202760006,22CL3,22BC1 Grey,20x20 Glazed Ceramic (47/box),1,20x20,6,49733,
153,202760497,22CL3,22BC1 Grey,20x20 Glazed Ceramic (47/box),1,20x20,5,49733,
154,202760918,22CL3,22BC1 Grey,20x20 Glazed Ceramic (47/box),1,20x20,R1,49733,
155,202770001,22DH1,22CL3 Yellow,20x20 Glazed Ceramic (47/box),1,20x20,1,28844,
156,202770002,22DH1,22CL3 Yellow,20x20 Glazed Ceramic (47/box),1,20x20,2,28844,
157,202770003,22DH1,22CL3 Yellow,20x20 Glazed Ceramic (47/box),1,20x20,3,28844,
158,202770918,22DH1,22CL3 Yellow,20x20 Glazed Ceramic (47/box),1,20x20,R1,28844,
159,202780002,22DM1,22DH1 Black,20x20 Glazed Ceramic (47/box),1,20x20,2,24568,
160,202780005,22DM1,22DH1 Black,20x20 Glazed Ceramic (47/box),1,20x20,5,24568,
161,202780823,22DM1,22DH1 Black,20x20 Glazed Ceramic (47/box),1,20x20,J2,24568,
162,202790001,22EK1,22DM1 Blue,20x20 Glazed Ceramic (47/box),1,20x20,1,18548,
163,202790003,22EK1,22DM1 Blue,20x20 Glazed Ceramic (47/box),1,20x20,3,18548,
164,202790822,22EK1,22DM1 Blue,20x20 Glazed Ceramic (47/box),1,20x20,J1,18548,
165,220170004,22EK1 RED,22EK1 Red,20x20 Glazed Ceramic (47/box),1,20x20,4,38875,
166,220180003,264A,260T/ Moderna Blue,30X30 Glazed Ceramic Tile,1,30x30,3,0,
167,220180008,264A,260T/ Moderna Blue,30X30 Glazed Ceramic Tile,1,30x30,8,0,
168,220180010,264A,260T/ Moderna Blue,30X30 Glazed Ceramic Tile,1,30x30,10,0,
169,220180012,264A,260T/ Moderna Blue,30X30 Glazed Ceramic Tile,1,30x30,12,0,
170,220180013,264A,260T/ Moderna Blue,30X30 Glazed Ceramic Tile,1,30x30,13,0,
171,220180014,264A,260T/ Moderna Blue,30X30 Glazed Ceramic Tile,1,30x30,14,0,
172,220180015,264A,260T/ Moderna Blue,30X30 Glazed Ceramic Tile,1,30x30,15,0,
173,220180017,264A,260T/ Moderna Blue,30X30 Glazed Ceramic Tile,1,30x30,17,0,
174,220190007,264B,264-A/ Light Green Marble,20x30 Ceramic Wall Tile (25/box),1,20x30,7,54239,
175,220190008,264B,264-A/ Light Green Marble,20x30 Ceramic Wall Tile (25/box),1,20x30,8,54239,
176,220190009,264B,264-A/ Light Green Marble,20x30 Ceramic Wall Tile (25/box),1,20x30,9,54239,
177,220190010,264B,264-A/ Light Green Marble,20x30 Ceramic Wall Tile (25/box),1,20x30,10,54239,
178,220190011,264B,264-A/ Light Green Marble,20x30 Ceramic Wall Tile (25/box),1,20x30,11,54239,
179,220190012,264B,264-A/ Light Green Marble,20x30 Ceramic Wall Tile (25/box),1,20x30,12,54239,
180,220190014,264B,264-A/ Light Green Marble,20x30 Ceramic Wall Tile (25/box),1,20x30,14,54239,
181,220190016,264B,264-A/ Light Green Marble,20x30 Ceramic Wall Tile (25/box),1,20x30,16,54239,
182,220190017,264B,264-A/ Light Green Marble,20x30 Ceramic Wall Tile (25/box),1,20x30,17,54239,
183,220190018,264B,264-A/ Light Green Marble,20x30 Ceramic Wall Tile (25/box),1,20x30,18,54239,
184,202870001,26W-0,26W-0/ White Haze,20x60 Glazed Ceramic (12/box),1,20x60,1,22525,
185,202870003,26W-0,26W-0/ White Haze,20x60 Glazed Ceramic (12/box),1,20x60,3,22525,
186,202870005,26W-0,26W-0/ White Haze,20x60 Glazed Ceramic (12/box),1,20x60,5,22525,
187,202870034,26W-0,26W-0/ White Haze,20x60 Glazed Ceramic (12/box),1,20x60,35,22525,
188,202870473,26W-0,26W-0/ White Haze,20x60 Glazed Ceramic (12/box),1,20x60,2,22525,
189,202870523,26W-0,26W-0/ White Haze,20x60 Glazed Ceramic (12/box),1,20x60,98 14,22525,
190,220200859,3-6B60480,36209G/BT481C (4 MAKATI),30x60 Unpolished Granite,1,30x60,MB01,0,
191,202920859,3-6E60479,36209G/BT481C (4 MAKATI),30x60 Unpolished Granite,1,30x60,MB01,0,
192,202920861,3-6E60479,36209G/BT481C (4 MAKATI),30x60 Unpolished Granite,1,30x60,ME02,0,
193,202920862,3-6E60479,36209G/BT481C (4 MAKATI),30x60 Unpolished Granite,1,30x60,ME03,0,
194,202930858,3-6E60480,36209G/BT481C (4 MAKATI),30x60 Unpolished Granite,1,30x60,MA01,18403,
195,202930859,3-6E60480,36209G/BT481C (4 MAKATI),30x60 Unpolished Granite,1,30x60,MB01,18403,
196,202930862,3-6E60480,36209G/BT481C (4 MAKATI),30x60 Unpolished Granite,1,30x60,ME03,18403,
197,202930863,3-6E60480,36209G/BT481C (4 MAKATI),30x60 Unpolished Granite,1,30x60,ME04,18403,
198,220210866,3-6E60481,36209G/BT481C (4 MAKATI),30x60 Unpolished Granite,1,30x60,ME08,12259,
199,200470531,3007,306 Arizona Matte,30x30 Semi Polished Granite Tile (17/box),1,30x30,A1,0,
200,202940001,300T,300T,30X30 Glazed Ceramic Tile (17/box),1,30x30,1,61627,
201,202940002,300T,300T,30X30 Glazed Ceramic Tile (17/box),1,30x30,2,61627,
202,200010017,306,306 Arizona Matte,30x30 Semi Polished Granite Tile (17/box),1,30x30,17,0,
203,200010568,306,306 Arizona Matte,30x30 Semi Polished Granite Tile (17/box),1,30x30,A3,0,
204,200010585,306,306 Arizona Matte,30x30 Semi Polished Granite Tile (17/box),1,30x30,A4,0,
205,200010721,306,306 Arizona Matte,30x30 Semi Polished Granite Tile (17/box),1,30x30,GREEN STRAP,0,
206,200010980,306,306 Arizona Matte,30x30 Semi Polished Granite Tile (17/box),1,30x30,RED STRAP,0,
207,202980001,310T,310T,30x30 Ceramic Tile (17/box),1,30x30,1,73474,
208,202980002,310T,310T,30x30 Ceramic Tile (17/box),1,30x30,2,73474,
209,202980003,310T,310T,30x30 Ceramic Tile (17/box),1,30x30,3,73474,
210,202980004,310T,310T,30x30 Ceramic Tile (17/box),1,30x30,4,73474,
211,202980010,310T,310T,30x30 Ceramic Tile (17/box),1,30x30,10,73474,
212,202990001,312M,312M/ Roma 312,30X30 Glazed Ceramic Tile (17/box),1,30x30,1,73474,
213,202990010,312M,312M/ Roma 312,30X30 Glazed Ceramic Tile (17/box),1,30x30,10,73474,
214,202990011,312M,312M/ Roma 312,30X30 Glazed Ceramic Tile (17/box),1,30x30,11,73474,
215,202990013,312M,312M/ Roma 312,30X30 Glazed Ceramic Tile (17/box),1,30x30,13,73474,
216,202990015,312M,312M/ Roma 312,30X30 Glazed Ceramic Tile (17/box),1,30x30,15,73474,
217,202990017,312M,312M/ Roma 312,30X30 Glazed Ceramic Tile (17/box),1,30x30,17,73474,
218,202990018,312M,312M/ Roma 312,30X30 Glazed Ceramic Tile (17/box),1,30x30,18,73474,
219,202990019,312M,312M/ Roma 312,30X30 Glazed Ceramic Tile (17/box),1,30x30,19,73474,
220,202990020,312M,312M/ Roma 312,30X30 Glazed Ceramic Tile (17/box),1,30x30,20,73474,
221,202990021,312M,312M/ Roma 312,30X30 Glazed Ceramic Tile (17/box),1,30x30,21,73474,
222,202990503,312M,312M/ Roma 312,30X30 Glazed Ceramic Tile (17/box),1,30x30,6C,73474,
223,202990520,312M,312M/ Roma 312,30X30 Glazed Ceramic Tile (17/box),1,30x30,8B,73474,
224,220230002,312M / M312,312M/ Roma 312,30X30 Glazed Ceramic Tile (17/box),1,30x30,2,73474,
225,203000018,312M-0,312M/ Roma 312,30X30 Glazed Ceramic Tile (17/box),1,30x30,18,68645,
226,203010010,320T,320T,30x30 Ceramic Tile (17/box),1,30x30,10,82413,
227,203010019,320T,320T,30x30 Ceramic Tile (17/box),1,30x30,19,82413,
228,219920546,3271,306 Arizona Matte,30x30 Semi Polished Granite Tile (17/box),1,30x30,A2,0,
229,219930568,3272,306 Arizona Matte,30x30 Semi Polished Granite Tile (17/box),1,30x30,A3,0,
230,219930604,3272,306 Arizona Matte,30x30 Semi Polished Granite Tile (17/box),1,30x30,A6,0,
231,219930915,3272,306 Arizona Matte,30x30 Semi Polished Granite Tile (17/box),1,30x30,PURPLE STRAP,0,
232,219931035,3272,306 Arizona Matte,30x30 Semi Polished Granite Tile (17/box),1,30x30,WHITE STRAP,0,
233,200480017,3273,306 Arizona Matte,30x30 Semi Polished Granite Tile (17/box),1,30x30,17,0,
234,200480531,3273,306 Arizona Matte,30x30 Semi Polished Granite Tile (17/box),1,30x30,A1,0,
235,200480546,3273,306 Arizona Matte,30x30 Semi Polished Granite Tile (17/box),1,30x30,A2,0,
236,200490531,3274,306 Arizona Matte,30x30 Semi Polished Granite Tile (17/box),1,30x30,A1,0,
237,200490546,3274,306 Arizona Matte,30x30 Semi Polished Granite Tile (17/box),1,30x30,A2,0,
238,200490720,3274,306 Arizona Matte,30x30 Semi Polished Granite Tile (17/box),1,30x30,GRAY STRAP,0,
239,200490915,3274,306 Arizona Matte,30x30 Semi Polished Granite Tile (17/box),1,30x30,PURPLE STRAP,0,
240,200500003,3275,306 Arizona Matte,30x30 Semi Polished Granite Tile (17/box),1,30x30,3,0,
241,200500624,3275,306 Arizona Matte,30x30 Semi Polished Granite Tile (17/box),1,30x30,BLUE STRAP,0,
242,200500980,3275,306 Arizona Matte,30x30 Semi Polished Granite Tile (17/box),1,30x30,RED STRAP,0,
243,200570546,3382,306 Arizona Matte,30x30 Semi Polished Granite Tile (17/box),1,30x30,A2,0,
244,200570568,3382,306 Arizona Matte,30x30 Semi Polished Granite Tile (17/box),1,30x30,A3,0,
245,200570585,3382,306 Arizona Matte,30x30 Semi Polished Granite Tile (17/box),1,30x30,A4,0,
246,200580546,3383,306 Arizona Matte,30x30 Semi Polished Granite Tile (17/box),1,30x30,A2,0,
247,200580568,3383,306 Arizona Matte,30x30 Semi Polished Granite Tile (17/box),1,30x30,A3,0,
248,200580585,3383,306 Arizona Matte,30x30 Semi Polished Granite Tile (17/box),1,30x30,A4,0,
249,200580825,3383,306 Arizona Matte,30x30 Semi Polished Granite Tile (17/box),1,30x30,J4,0,
250,200590531,3384,306 Arizona Matte,30x30 Semi Polished Granite Tile (17/box),1,30x30,A1,0,
251,200590585,3384,306 Arizona Matte,30x30 Semi Polished Granite Tile (17/box),1,30x30,A4,0,
252,200610531,3432,306 Arizona Matte,30x30 Semi Polished Granite Tile (17/box),1,30x30,A1,0,
253,200610546,3432,306 Arizona Matte,30x30 Semi Polished Granite Tile (17/box),1,30x30,A2,0,
254,200610585,3432,306 Arizona Matte,30x30 Semi Polished Granite Tile (17/box),1,30x30,A4,0,
255,200610746,3432,306 Arizona Matte,30x30 Semi Polished Granite Tile (17/box),1,30x30,H2,0,
256,200620568,3433,306 Arizona Matte,30x30 Semi Polished Granite Tile (17/box),1,30x30,A3,0,
257,200640531,3441,306 Arizona Matte,30x30 Semi Polished Granite Tile (17/box),1,30x30,A1,0,
258,200640546,3441,306 Arizona Matte,30x30 Semi Polished Granite Tile (17/box),1,30x30,A2,0,
259,200640585,3441,306 Arizona Matte,30x30 Semi Polished Granite Tile (17/box),1,30x30,A4,0,
260,200640826,3441,306 Arizona Matte,30x30 Semi Polished Granite Tile (17/box),1,30x30,J5,0,
261,200660531,3443,306 Arizona Matte,30x30 Semi Polished Granite Tile (17/box),1,30x30,A1,0,
262,200660546,3443,306 Arizona Matte,30x30 Semi Polished Granite Tile (17/box),1,30x30,A2,0,
263,200660568,3443,306 Arizona Matte,30x30 Semi Polished Granite Tile (17/box),1,30x30,A3,0,
264,220240540,2-49,3443R/ Striped Wood Dark*,30x30 Rustic Ceramic Tile-R,1,30x30,A13,0,
265,220240609,2-49,3443R/ Striped Wood Dark*,30x30 Rustic Ceramic Tile-R,1,30x30,A8,0,
266,220250341,386-6,3828/custom tiles,30x30 Ceramic Floor Tile,1,30x30,17071B,0,
267,220000546,3885,306 Arizona Matte,30x30 Semi Polished Granite Tile (17/box),1,30x30,A2,0,
268,220000585,3885,306 Arizona Matte,30x30 Semi Polished Granite Tile (17/box),1,30x30,A4,0,
269,200040546,402,306 Arizona Matte,30x30 Semi Polished Granite Tile (17/box),1,30x30,A2,0,
270,200040588,402,306 Arizona Matte,30x30 Semi Polished Granite Tile (17/box),1,30x30,A4-H,0,
271,200040589,402,306 Arizona Matte,30x30 Semi Polished Granite Tile (17/box),1,30x30,A4-J,0,
272,200040593,402,306 Arizona Matte,30x30 Semi Polished Granite Tile (17/box),1,30x30,A45,0,
273,200040814,402,306 Arizona Matte,30x30 Semi Polished Granite Tile (17/box),1,30x30,HA4,0,
274,220260531,402,402/ Deluxe Plain,40x40 Semi Polished Granite Tile-R (FB) (8/box),1,40x40,A1,0,
275,220260537,402,402/ Deluxe Plain,40x40 Semi Polished Granite Tile-R (FB) (8/box),1,40x40,A11,0,
276,220260568,402,402/ Deluxe Plain,40x40 Semi Polished Granite Tile-R (FB) (8/box),1,40x40,A3,0,
277,220260571,402,402/ Deluxe Plain,40x40 Semi Polished Granite Tile-R (FB) (8/box),1,40x40,A3 R2,0,
278,220260572,402,402/ Deluxe Plain,40x40 Semi Polished Granite Tile-R (FB) (8/box),1,40x40,A3 Y3,0,
279,220260585,402,402/ Deluxe Plain,40x40 Semi Polished Granite Tile-R (FB) (8/box),1,40x40,A4,0,
280,220260594,402,402/ Deluxe Plain,40x40 Semi Polished Granite Tile-R (FB) (8/box),1,40x40,A5,0,
281,200050042,403,306 Arizona Matte,30x30 Semi Polished Granite Tile (17/box),1,30x30,45,0,
282,200050594,403,306 Arizona Matte,30x30 Semi Polished Granite Tile (17/box),1,30x30,A5,0,
283,200050609,403,306 Arizona Matte,30x30 Semi Polished Granite Tile (17/box),1,30x30,A8,0,
284,200050616,403,306 Arizona Matte,30x30 Semi Polished Granite Tile (17/box),1,30x30,A9,0,
285,200051059,403,306 Arizona Matte,30x30 Semi Polished Granite Tile (17/box),1,30x30,Y2-A4,0,
286,220270546,403,403/ Deluxe Green,40x40 Semi Polished Granite Tile-R (FB) (8/box),1,40x40,A2,0,
287,220270568,403,403/ Deluxe Green,40x40 Semi Polished Granite Tile-R (FB) (8/box),1,40x40,A3,0,
288,220270585,403,403/ Deluxe Green,40x40 Semi Polished Granite Tile-R (FB) (8/box),1,40x40,A4,0,
289,220280531,403-G,403/ Deluxe Green,40x40 Semi Polished Granite Tile-R (FB) (8/box),1,40x40,A1,15829,
290,220280546,403-G,403/ Deluxe Green,40x40 Semi Polished Granite Tile-R (FB) (8/box),1,40x40,A2,15829,
291,220280568,403-G,403/ Deluxe Green,40x40 Semi Polished Granite Tile-R (FB) (8/box),1,40x40,A3,15829,
292,220280585,403-G,403/ Deluxe Green,40x40 Semi Polished Granite Tile-R (FB) (8/box),1,40x40,A4,15829,
293,220280594,403-G,403/ Deluxe Green,40x40 Semi Polished Granite Tile-R (FB) (8/box),1,40x40,A5,15829,
294,220280609,403-G,403/ Deluxe Green,40x40 Semi Polished Granite Tile-R (FB) (8/box),1,40x40,A8,15829,
295,220280926,403-G,403/ Deluxe Green,40x40 Semi Polished Granite Tile-R (FB) (8/box),1,40x40,R1A6,15829,
296,220280928,403-G,403/ Deluxe Green,40x40 Semi Polished Granite Tile-R (FB) (8/box),1,40x40,R2 A4,15829,
297,220010568,4036,306 Arizona Matte,30x30 Semi Polished Granite Tile (17/box),1,30x30,A3,0,
298,200070568,406,306 Arizona Matte,30x30 Semi Polished Granite Tile (17/box),1,30x30,A3,0,
299,200070604,406,306 Arizona Matte,30x30 Semi Polished Granite Tile (17/box),1,30x30,A6,0,
300,200070933,406,306 Arizona Matte,30x30 Semi Polished Granite Tile (17/box),1,30x30,R2A3,0,
301,220290531,406,406/ Deluxe Brown,40x40 Semi Polished Granite Tile-R (FB) (8/box),1,40x40,A1,0,
302,220290546,406,406/ Deluxe Brown,40x40 Semi Polished Granite Tile-R (FB) (8/box),1,40x40,A2,0,
303,220290561,406,406/ Deluxe Brown,40x40 Semi Polished Granite Tile-R (FB) (8/box),1,40x40,A25,0,
304,220290574,406,406/ Deluxe Brown,40x40 Semi Polished Granite Tile-R (FB) (8/box),1,40x40,A35,0,
305,220290594,406,406/ Deluxe Brown,40x40 Semi Polished Granite Tile-R (FB) (8/box),1,40x40,A5,0,
306,220290814,406,406/ Deluxe Brown,40x40 Semi Polished Granite Tile-R (FB) (8/box),1,40x40,HA4,0,
307,220300017,414,414/ 414,20x30 Ceramic Wall Tile,1,20x30,17,0,
308,200080001,414,306 Arizona Matte,30x30 Semi Polished Granite Tile (17/box),1,30x30,1,0,
309,200080016,414,306 Arizona Matte,30x30 Semi Polished Granite Tile (17/box),1,30x30,16,0,
310,200080018,414,306 Arizona Matte,30x30 Semi Polished Granite Tile (17/box),1,30x30,18,0,
311,200080019,414,306 Arizona Matte,30x30 Semi Polished Granite Tile (17/box),1,30x30,19,0,
312,200090546,421,306 Arizona Matte,30x30 Semi Polished Granite Tile (17/box),1,30x30,A2,0,
313,200090609,421,306 Arizona Matte,30x30 Semi Polished Granite Tile (17/box),1,30x30,A8,0,
314,200090722,421,306 Arizona Matte,30x30 Semi Polished Granite Tile (17/box),1,30x30,H-A7,0,
315,200090815,421,306 Arizona Matte,30x30 Semi Polished Granite Tile (17/box),1,30x30,HA7,0,
316,200090931,421,306 Arizona Matte,30x30 Semi Polished Granite Tile (17/box),1,30x30,R2A2,0,
317,200090933,421,306 Arizona Matte,30x30 Semi Polished Granite Tile (17/box),1,30x30,R2A3,0,
318,200091048,421,306 Arizona Matte,30x30 Semi Polished Granite Tile (17/box),1,30x30,X3A1,0,
319,220310568,421,421/ Deluxe Spots,40x40 Semi Polished Granite Tile-R (FB) (8/box),1,40x40,A3,0,
320,220310594,421,421/ Deluxe Spots,40x40 Semi Polished Granite Tile-R (FB) (8/box),1,40x40,A5,0,
321,220310604,421,421/ Deluxe Spots,40x40 Semi Polished Granite Tile-R (FB) (8/box),1,40x40,A6,0,
322,220310927,421,421/ Deluxe Spots,40x40 Semi Polished Granite Tile-R (FB) (8/box),1,40x40,R2,0,
323,220311055,421,421/ Deluxe Spots,40x40 Semi Polished Granite Tile-R (FB) (8/box),1,40x40,Y2 A1,0,
324,220311056,421,421/ Deluxe Spots,40x40 Semi Polished Granite Tile-R (FB) (8/box),1,40x40,Y2 A2,0,
325,200110531,432,306 Arizona Matte,30x30 Semi Polished Granite Tile (17/box),1,30x30,A1,0,
326,200110546,432,306 Arizona Matte,30x30 Semi Polished Granite Tile (17/box),1,30x30,A2,0,
327,200110568,432,306 Arizona Matte,30x30 Semi Polished Granite Tile (17/box),1,30x30,A3,0,
328,200110604,432,306 Arizona Matte,30x30 Semi Polished Granite Tile (17/box),1,30x30,A6,0,
329,200110919,432,306 Arizona Matte,30x30 Semi Polished Granite Tile (17/box),1,30x30,R1 A2,0,
330,200110921,432,306 Arizona Matte,30x30 Semi Polished Granite Tile (17/box),1,30x30,R1-A1,0,
331,200110934,432,306 Arizona Matte,30x30 Semi Polished Granite Tile (17/box),1,30x30,R2A4,0,
332,200110935,432,306 Arizona Matte,30x30 Semi Polished Granite Tile (17/box),1,30x30,R2A6,0,
333,200111069,432,306 Arizona Matte,30x30 Semi Polished Granite Tile (17/box),1,30x30,Y3A3,0,
334,200111074,432,306 Arizona Matte,30x30 Semi Polished Granite Tile (17/box),1,30x30,YEA5,0,
335,220320585,432,432/ Majid Grey,40x40 Semi Polished Granite Tile-R(8/box),1,40x40,A4,0,
336,220320594,432,432/ Majid Grey,40x40 Semi Polished Granite Tile-R(8/box),1,40x40,A5,0,
337,220320927,432,432/ Majid Grey,40x40 Semi Polished Granite Tile-R(8/box),1,40x40,R2,0,
338,220320929,432,432/ Majid Grey,40x40 Semi Polished Granite Tile-R(8/box),1,40x40,R2 A6,0,
339,220321065,432,432/ Majid Grey,40x40 Semi Polished Granite Tile-R(8/box),1,40x40,Y3 A3,0,
340,220020531,6101,306 Arizona Matte,30x30 Semi Polished Granite Tile (17/box),1,30x30,A1,0,
341,220020568,6101,306 Arizona Matte,30x30 Semi Polished Granite Tile (17/box),1,30x30,A3,0,
342,220020594,6101,306 Arizona Matte,30x30 Semi Polished Granite Tile (17/box),1,30x30,A5,0,
343,220020607,6101,306 Arizona Matte,30x30 Semi Polished Granite Tile (17/box),1,30x30,A7,0,
344,203290158,01-2,01-2,"6""x36""x2.00mm Vinyl Tile",1,"6""x36""x2.00mm",170822,0,
345,203300158,02-8,02-8,"6""x36""x2.00mm Vinyl Tile",1,"6""x36""x2.00mm",170822,0,
346,203320158,01-10,01-10,6'x36'x2.00mm Vinyl Tile,1,6'x36'x2.00mm,170822,0,
347,203330158,10-10,10-10,"7.3""x48.3""x3.2mm Vinyl Tile",1,"7.3""x48.3""x3.2mm",170822,0,
348,203340158,11-10,10-10,"7.3""x48.3""x3.2mm Vinyl Tile",1,"7.3""x48.3""x3.2mm",170822,0,
349,203370158,4-63,4-63,"6""x36""x2.00mm Vinyl Tile",1,"6""x36""x2.00mm",170822,0,
350,203380158,2-80,2-80,"7.3""x48.3""x3.2mm Vinyl Tile",1,"7.3""x48.3""x3.2mm",170822,0,
351,203390546,6186P,6185 (630385)/ Carrara Blanco,60x60 Granite Tile,1,60x60,A2,39,
352,203390568,6186P,6185 (630385)/ Carrara Blanco,60x60 Granite Tile,1,60x60,A3,39,
353,220030574,6187,306 Arizona Matte,30x30 Semi Polished Granite Tile (17/box),1,30x30,A35,0,
354,203400546,6187P,6186P (6XY109)/ Ontario Slate,60x60 Ceramic Tile Matte,1,60x60,A2,20514,
355,203400568,6187P,6186P (6XY109)/ Ontario Slate,60x60 Ceramic Tile Matte,1,60x60,A3,20514,
356,203400594,6187P,6186P (6XY109)/ Ontario Slate,60x60 Ceramic Tile Matte,1,60x60,A5,20514,
357,200900537,6188,306 Arizona Matte,30x30 Semi Polished Granite Tile (17/box),1,30x30,A11,0,
358,200900539,6188,306 Arizona Matte,30x30 Semi Polished Granite Tile (17/box),1,30x30,A12,0,
359,200900540,6188,306 Arizona Matte,30x30 Semi Polished Granite Tile (17/box),1,30x30,A13,0,
360,200900546,6188,306 Arizona Matte,30x30 Semi Polished Granite Tile (17/box),1,30x30,A2,0,
361,200900568,6188,306 Arizona Matte,30x30 Semi Polished Granite Tile (17/box),1,30x30,A3,0,
362,200900594,6188,306 Arizona Matte,30x30 Semi Polished Granite Tile (17/box),1,30x30,A5,0,
363,200900607,6188,306 Arizona Matte,30x30 Semi Polished Granite Tile (17/box),1,30x30,A7,0,
364,200900609,6188,306 Arizona Matte,30x30 Semi Polished Granite Tile (17/box),1,30x30,A8,0,
365,200900613,6188,306 Arizona Matte,30x30 Semi Polished Granite Tile (17/box),1,30x30,A862,0,
366,200900615,6188,306 Arizona Matte,30x30 Semi Polished Granite Tile (17/box),1,30x30,A8G2,0,
367,200900616,6188,306 Arizona Matte,30x30 Semi Polished Granite Tile (17/box),1,30x30,A9,0,
368,200900639,6188,306 Arizona Matte,30x30 Semi Polished Granite Tile (17/box),1,30x30,E1,0,
369,200901029,6188,306 Arizona Matte,30x30 Semi Polished Granite Tile (17/box),1,30x30,V2,0,
370,200901030,6188,306 Arizona Matte,30x30 Semi Polished Granite Tile (17/box),1,30x30,V2 A10,0,
371,200901036,6188,306 Arizona Matte,30x30 Semi Polished Granite Tile (17/box),1,30x30,X1,0,
372,200901037,6188,306 Arizona Matte,30x30 Semi Polished Granite Tile (17/box),1,30x30,X1 A11,0,
373,200901039,6188,306 Arizona Matte,30x30 Semi Polished Granite Tile (17/box),1,30x30,X1A11,0,
374,200901042,6188,306 Arizona Matte,30x30 Semi Polished Granite Tile (17/box),1,30x30,X2,0,
375,200910002,6189,306 Arizona Matte,30x30 Semi Polished Granite Tile (17/box),1,30x30,2,0,
376,200910537,6189,306 Arizona Matte,30x30 Semi Polished Granite Tile (17/box),1,30x30,A11,0,
377,200910539,6189,306 Arizona Matte,30x30 Semi Polished Granite Tile (17/box),1,30x30,A12,0,
378,200910546,6189,306 Arizona Matte,30x30 Semi Polished Granite Tile (17/box),1,30x30,A2,0,
379,200910568,6189,306 Arizona Matte,30x30 Semi Polished Granite Tile (17/box),1,30x30,A3,0,
380,200910595,6189,306 Arizona Matte,30x30 Semi Polished Granite Tile (17/box),1,30x30,A5-Y2,0,
381,200910604,6189,306 Arizona Matte,30x30 Semi Polished Granite Tile (17/box),1,30x30,A6,0,
382,200910606,6189,306 Arizona Matte,30x30 Semi Polished Granite Tile (17/box),1,30x30,A6R1,0,
383,200910607,6189,306 Arizona Matte,30x30 Semi Polished Granite Tile (17/box),1,30x30,A7,0,
384,200910609,6189,306 Arizona Matte,30x30 Semi Polished Granite Tile (17/box),1,30x30,A8,0,
385,200910616,6189,306 Arizona Matte,30x30 Semi Polished Granite Tile (17/box),1,30x30,A9,0,
386,200911023,6189,306 Arizona Matte,30x30 Semi Polished Granite Tile (17/box),1,30x30,V1,0,
387,200911025,6189,306 Arizona Matte,30x30 Semi Polished Granite Tile (17/box),1,30x30,V1 A3,0,
388,200911029,6189,306 Arizona Matte,30x30 Semi Polished Granite Tile (17/box),1,30x30,V2,0,
389,200911042,6189,306 Arizona Matte,30x30 Semi Polished Granite Tile (17/box),1,30x30,X2,0,
390,200920531,6190,306 Arizona Matte,30x30 Semi Polished Granite Tile (17/box),1,30x30,A1,0,
391,200920568,6190,306 Arizona Matte,30x30 Semi Polished Granite Tile (17/box),1,30x30,A3,0,
392,200920585,6190,306 Arizona Matte,30x30 Semi Polished Granite Tile (17/box),1,30x30,A4,0,
393,200920586,6190,306 Arizona Matte,30x30 Semi Polished Granite Tile (17/box),1,30x30,A4 A1,0,
394,200921026,6190,306 Arizona Matte,30x30 Semi Polished Granite Tile (17/box),1,30x30,V1 A4,0,
395,200921028,6190,306 Arizona Matte,30x30 Semi Polished Granite Tile (17/box),1,30x30,V1A3,0,
396,200921049,6190,306 Arizona Matte,30x30 Semi Polished Granite Tile (17/box),1,30x30,XI-A3,0,
397,200921053,6190,306 Arizona Matte,30x30 Semi Polished Granite Tile (17/box),1,30x30,Y1-A3,0,
398,200930486,6191,306 Arizona Matte,30x30 Semi Polished Granite Tile (17/box),1,30x30,2A-A1,0,
399,200930531,6191,306 Arizona Matte,30x30 Semi Polished Granite Tile (17/box),1,30x30,A1,0,
400,200930546,6191,306 Arizona Matte,30x30 Semi Polished Granite Tile (17/box),1,30x30,A2,0,
401,200930568,6191,306 Arizona Matte,30x30 Semi Polished Granite Tile (17/box),1,30x30,A3,0,
402,200930585,6191,306 Arizona Matte,30x30 Semi Polished Granite Tile (17/box),1,30x30,A4,0,
403,200931043,6191,306 Arizona Matte,30x30 Semi Polished Granite Tile (17/box),1,30x30,X2 A3,0,
404,200931045,6191,306 Arizona Matte,30x30 Semi Polished Granite Tile (17/box),1,30x30,X2A3,0,
405,200931051,6191,306 Arizona Matte,30x30 Semi Polished Granite Tile (17/box),1,30x30,XZ A3,0,
406,200931058,6191,306 Arizona Matte,30x30 Semi Polished Granite Tile (17/box),1,30x30,Y2 A4,0,
407,200931102,6191,306 Arizona Matte,30x30 Semi Polished Granite Tile (17/box),1,30x30,ZA A1,0,
408,200940001,6192,306 Arizona Matte,30x30 Semi Polished Granite Tile (17/box),1,30x30,1,0,
409,200940002,6192,306 Arizona Matte,30x30 Semi Polished Granite Tile (17/box),1,30x30,2,0,
410,200940013,6192,306 Arizona Matte,30x30 Semi Polished Granite Tile (17/box),1,30x30,13,0,
411,200940531,6192,306 Arizona Matte,30x30 Semi Polished Granite Tile (17/box),1,30x30,A1,0,
412,200940546,6192,306 Arizona Matte,30x30 Semi Polished Granite Tile (17/box),1,30x30,A2,0,
413,200940568,6192,306 Arizona Matte,30x30 Semi Polished Granite Tile (17/box),1,30x30,A3,0,
414,200941025,6192,306 Arizona Matte,30x30 Semi Polished Granite Tile (17/box),1,30x30,V1 A3,0,
415,200941038,6192,306 Arizona Matte,30x30 Semi Polished Granite Tile (17/box),1,30x30,X1A1,0,
416,200941040,6192,306 Arizona Matte,30x30 Semi Polished Granite Tile (17/box),1,30x30,X1A2,0,
417,200941041,6192,306 Arizona Matte,30x30 Semi Polished Granite Tile (17/box),1,30x30,X1A3,0,
418,200941050,6192,306 Arizona Matte,30x30 Semi Polished Granite Tile (17/box),1,30x30,XI-AZ,0,
419,200950532,6193,306 Arizona Matte,30x30 Semi Polished Granite Tile (17/box),1,30x30,A1 A1,0,
420,200950533,6193,306 Arizona Matte,30x30 Semi Polished Granite Tile (17/box),1,30x30,A1 A3,0,
421,200950604,6193,306 Arizona Matte,30x30 Semi Polished Granite Tile (17/box),1,30x30,A6,0,
422,200951025,6193,306 Arizona Matte,30x30 Semi Polished Granite Tile (17/box),1,30x30,V1 A3,0,
423,200951027,6193,306 Arizona Matte,30x30 Semi Polished Granite Tile (17/box),1,30x30,V1A2,0,
424,200960002,6194,306 Arizona Matte,30x30 Semi Polished Granite Tile (17/box),1,30x30,2,0,
425,200960003,6194,306 Arizona Matte,30x30 Semi Polished Granite Tile (17/box),1,30x30,3,0,
426,200960166,6194,306 Arizona Matte,30x30 Semi Polished Granite Tile (17/box),1,30x30,20170901,0,
427,200960167,6194,306 Arizona Matte,30x30 Semi Polished Granite Tile (17/box),1,30x30,20170902,0,
428,200960170,6194,306 Arizona Matte,30x30 Semi Polished Granite Tile (17/box),1,30x30,20171902,0,
429,200960489,6194,306 Arizona Matte,30x30 Semi Polished Granite Tile (17/box),1,30x30,3-X1,0,
430,200960531,6194,306 Arizona Matte,30x30 Semi Polished Granite Tile (17/box),1,30x30,A1,0,
431,200970001,6195,306 Arizona Matte,30x30 Semi Polished Granite Tile (17/box),1,30x30,1,0,
432,200970162,6195,306 Arizona Matte,30x30 Semi Polished Granite Tile (17/box),1,30x30,20120902,0,
433,200970163,6195,306 Arizona Matte,30x30 Semi Polished Granite Tile (17/box),1,30x30,20170302,0,
434,200970167,6195,306 Arizona Matte,30x30 Semi Polished Granite Tile (17/box),1,30x30,20170902,0,
435,200970168,6195,306 Arizona Matte,30x30 Semi Polished Granite Tile (17/box),1,30x30,20170903,0,
436,200970170,6195,306 Arizona Matte,30x30 Semi Polished Granite Tile (17/box),1,30x30,20171902,0,
437,200970171,6195,306 Arizona Matte,30x30 Semi Polished Granite Tile (17/box),1,30x30,201709701,0,
438,200970472,6195,306 Arizona Matte,30x30 Semi Polished Granite Tile (17/box),1,30x30,1X1,0,
439,200970482,6195,306 Arizona Matte,30x30 Semi Polished Granite Tile (17/box),1,30x30,20170902,0,
440,200970504,6195,306 Arizona Matte,30x30 Semi Polished Granite Tile (17/box),1,30x30,6X1,0,
441,200980162,6196,306 Arizona Matte,30x30 Semi Polished Granite Tile (17/box),1,30x30,20120902,0,
442,200980167,6196,306 Arizona Matte,30x30 Semi Polished Granite Tile (17/box),1,30x30,20170902,0,
443,200980168,6196,306 Arizona Matte,30x30 Semi Polished Granite Tile (17/box),1,30x30,20170903,0,
444,200980173,6196,306 Arizona Matte,30x30 Semi Polished Granite Tile (17/box),1,30x30,1-X1,0,
445,200980568,6196,306 Arizona Matte,30x30 Semi Polished Granite Tile (17/box),1,30x30,A3,0,
446,200990168,6197,306 Arizona Matte,30x30 Semi Polished Granite Tile (17/box),1,30x30,20170903,0,
447,200990169,6197,306 Arizona Matte,30x30 Semi Polished Granite Tile (17/box),1,30x30,20170904,0,
448,200990489,6197,306 Arizona Matte,30x30 Semi Polished Granite Tile (17/box),1,30x30,3-X1,0,
449,203440546,631380P,631380P,60x60 Ceramic Tile Inject,1,60x60,A2,14728,
450,203440568,631380P,631380P,60x60 Ceramic Tile Inject,1,60x60,A3,14728,
451,203440920,631380P,631380P,60x60 Ceramic Tile Inject,1,60x60,R1 A3,14728,
452,203440925,631380P,631380P,60x60 Ceramic Tile Inject,1,60x60,R1A4,14728,
453,203441057,631380P,631380P,60x60 Ceramic Tile Inject,1,60x60,Y2 A3,14728,
454,203441061,631380P,631380P,60x60 Ceramic Tile Inject,1,60x60,Y2A1,14728,
455,203441062,631380P,631380P,60x60 Ceramic Tile Inject,1,60x60,Y2A2,14728,
456,201000660,6500,306 Arizona Matte,30x30 Semi Polished Granite Tile (17/box),1,30x30,E263,0,
457,201000777,6500,306 Arizona Matte,30x30 Semi Polished Granite Tile (17/box),1,30x30,H41,0,
458,201000780,6500,306 Arizona Matte,30x30 Semi Polished Granite Tile (17/box),1,30x30,H43,0,
459,201000796,6500,306 Arizona Matte,30x30 Semi Polished Granite Tile (17/box),1,30x30,H60,0,
460,201000806,6500,306 Arizona Matte,30x30 Semi Polished Granite Tile (17/box),1,30x30,H82,0,
461,220340773,6500,6500,60x60 Polished Granite (Synth),1,60x60,H38,0,
462,220040168,6996,306 Arizona Matte,30x30 Semi Polished Granite Tile (17/box),1,30x30,20170903,0,
463,203490822,6A60478,6888,Pedestal Basin Sink (Integrated),1,Pedestal,J1,198,
464,203490859,6A60478,6888,Pedestal Basin Sink (Integrated),1,Pedestal,MB01,198,
465,203490865,6A60478,6888,Pedestal Basin Sink (Integrated),1,Pedestal,ME07,198,
466,203490869,6A60478,6888,Pedestal Basin Sink (Integrated),1,Pedestal,ME15,198,
467,203500864,6A60478-J1,6A60478 (KY13),30x60 Ceramic Wall Tile Inkjet (8/box),1,30x60,ME05,3871,
468,203500865,6A60478-J1,6A60478 (KY13),30x60 Ceramic Wall Tile Inkjet (8/box),1,30x60,ME07,3871,
469,201180546,8001,306 Arizona Matte,30x30 Semi Polished Granite Tile (17/box),1,30x30,A2,0,
470,201180594,8001,306 Arizona Matte,30x30 Semi Polished Granite Tile (17/box),1,30x30,A5,0,
471,220350531,8001(40),74515/ Verde Flores 745.,7x45 Ceramic Border,1,7x45,A1,872,
472,220350546,8001(40),74515/ Verde Flores 745.,7x45 Ceramic Border,1,7x45,A2,872,
473,220350568,8001(40),74515/ Verde Flores 745.,7x45 Ceramic Border,1,7x45,A3,872,
474,220350585,8001(40),74515/ Verde Flores 745.,7x45 Ceramic Border,1,7x45,A4,872,
475,220350604,8001(40),74515/ Verde Flores 745.,7x45 Ceramic Border,1,7x45,A6,872,
476,201220531,8503,306 Arizona Matte,30x30 Semi Polished Granite Tile (17/box),1,30x30,A1,0,
477,201220546,8503,306 Arizona Matte,30x30 Semi Polished Granite Tile (17/box),1,30x30,A2,0,
478,201220604,8503,306 Arizona Matte,30x30 Semi Polished Granite Tile (17/box),1,30x30,A6,0,
479,220360531,8503(40),8502/ Light Bricks*,38x38 Ceramic Floor Tile(10/box),1,38x38,A1,0,
480,220360546,8503(40),8502/ Light Bricks*,38x38 Ceramic Floor Tile(10/box),1,38x38,A2,0,
481,220360594,8503(40),8502/ Light Bricks*,38x38 Ceramic Floor Tile(10/box),1,38x38,A5,0,
482,220360604,8503(40),8502/ Light Bricks*,38x38 Ceramic Floor Tile(10/box),1,38x38,A6,0,
483,201320001,9203,306 Arizona Matte,30x30 Semi Polished Granite Tile (17/box),1,30x30,1,0,
484,201320010,9203,306 Arizona Matte,30x30 Semi Polished Granite Tile (17/box),1,30x30,10,0,
485,201320012,9203,306 Arizona Matte,30x30 Semi Polished Granite Tile (17/box),1,30x30,12,0,
486,201320015,9203,306 Arizona Matte,30x30 Semi Polished Granite Tile (17/box),1,30x30,15,0,
487,201320018,9203,306 Arizona Matte,30x30 Semi Polished Granite Tile (17/box),1,30x30,18,0,
488,201320275,9203,306 Arizona Matte,30x30 Semi Polished Granite Tile (17/box),1,30x30,17,0,
489,204310527,A02RZENR-DBR.G0U,A-02 Border/ Gems Galore*,6x20 Ceramic Flat Border (60/box),1,6x20,A017RZSA,1924,
490,204310546,A02RZENR-DBR.G0U,A-02 Border/ Gems Galore*,6x20 Ceramic Flat Border (60/box),1,6x20,A2,1924,
491,204310564,A02RZENR-DBR.G0U,A-02 Border/ Gems Galore*,6x20 Ceramic Flat Border (60/box),1,6x20,A2A017RZSZ,1924,
492,220370527,A02RZENR-DBR.G0U ,A-02 Border/ Gems Galore*,6x20 Ceramic Flat Border (60/box),1,6x20,A017RZSA,1924,
493,204320527,A02RZENR-DGY.G0U,A-02 Border/ Gems Galore*,6x20 Ceramic Flat Border (60/box),1,6x20,A017RZSA,35853,
494,204320546,A02RZENR-DGY.G0U,A-02 Border/ Gems Galore*,6x20 Ceramic Flat Border (60/box),1,6x20,A2,35853,
495,204320563,A02RZENR-DGY.G0U,A-02 Border/ Gems Galore*,6x20 Ceramic Flat Border (60/box),1,6x20,A2A017RZSA,35853,
496,204330526,A02RZENR-LBR.G0U,A-02 Border/ Gems Galore*,6x20 Ceramic Flat Border (60/box),1,6x20,A017RZEA,35242,
497,204330546,A02RZENR-LBR.G0U,A-02 Border/ Gems Galore*,6x20 Ceramic Flat Border (60/box),1,6x20,A2,35242,
498,204330549,A02RZENR-LBR.G0U,A-02 Border/ Gems Galore*,6x20 Ceramic Flat Border (60/box),1,6x20,A2 A017RZEA,35242,
499,220380546,A02RZENR-LBY.G0U,A-02 Border/ Gems Galore*,6x20 Ceramic Flat Border (60/box),1,6x20,A2,36562,
500,204340527,A02RZENR-LGY.G0U,A-02 Border/ Gems Galore*,6x20 Ceramic Flat Border (60/box),1,6x20,A017RZSA,36562,
501,204340546,A02RZENR-LGY.G0U,A-02 Border/ Gems Galore*,6x20 Ceramic Flat Border (60/box),1,6x20,A2,36562,
502,204340550,A02RZENR-LGY.G0U,A-02 Border/ Gems Galore*,6x20 Ceramic Flat Border (60/box),1,6x20,A2 A017RZSA,36562,
503,220390585,A02RZMSA-DBR.G0U,A-02 Border/ Gems Galore*,6x20 Ceramic Flat Border (60/box),1,6x20,A4,40485,
504,204350568,A02RZMSA-DBR.M0U,A-02 Border/ Gems Galore*,6x20 Ceramic Flat Border (60/box),1,6x20,A3,40485,
505,204360568,A02RZMSA-GY0.M0U,A-02 Border/ Gems Galore*,6x20 Ceramic Flat Border (60/box),1,6x20,A3,41751,
506,220400568,A02RZMSA-GYO.G0U,A-02 Border/ Gems Galore*,6x20 Ceramic Flat Border (60/box),1,6x20,A3,42750,
507,220410568,A02RZMSA-IV0.G0U,A-02 Border/ Gems Galore*,6x20 Ceramic Flat Border (60/box),1,6x20,A3,42750,
508,204370568,A02RZMSA-IV0.M0U,A-02 Border/ Gems Galore*,6x20 Ceramic Flat Border (60/box),1,6x20,A3,42750,
509,204370585,A02RZMSA-IV0.M0U,A-02 Border/ Gems Galore*,6x20 Ceramic Flat Border (60/box),1,6x20,A4,42750,
510,220420568,A02RZMSA-LBR.G0U,A-02 Border/ Gems Galore*,6x20 Ceramic Flat Border (60/box),1,6x20,A3,43166,
511,204380568,A02RZMSA-LBR.M0U,A-02 Border/ Gems Galore*,6x20 Ceramic Flat Border (60/box),1,6x20,A3,43166,
512,204390938,A06GZABL-BR0.G0P,A-06 Border/Red Contre*,6x20 Ceramic Flat Border,1,6x20,R5AN17R2EC,53,
513,204390942,A06GZABL-BR0.G0P,A-06 Border/Red Contre*,6x20 Ceramic Flat Border,1,6x20,R5AS17R3EC,53,
514,220090940,A06GZABL-BR0.G0P,A-06 Border/Red Contre*,6x20 Ceramic Flat Border,1,6x20,R5AN17RZEC,53,
515,204400937,A06GZABL-WH0.G0P,A-06 Border/Red Contre*,6x20 Ceramic Flat Border,1,6x20,R5AN17R1EC,11058,
516,204400941,A06GZABL-WH0.G0P,A-06 Border/Red Contre*,6x20 Ceramic Flat Border,1,6x20,R5AS17R1EC,11058,
517,220430512,A06GZABL-WH0.G0P ,A-06 Border/Red Contre*,6x20 Ceramic Flat Border,1,6x20,800A,11058,
518,220430514,A06GZABL-WH0.G0P ,A-06 Border/Red Contre*,6x20 Ceramic Flat Border,1,6x20,827A,11058,
519,220430937,A06GZABL-WH0.G0P ,A-06 Border/Red Contre*,6x20 Ceramic Flat Border,1,6x20,R5AN17R1EC,11058,
520,220430939,A06GZABL-WH0.G0P ,A-06 Border/Red Contre*,6x20 Ceramic Flat Border,1,6x20,R5AN17RIEC,11058,
521,204410513,A06GZGMA-GY0.G0P,A-06 Border/Red Contre*,6x20 Ceramic Flat Border,1,6x20,820A,6812,
522,204410517,A06GZGMA-GY0.G0P,A-06 Border/Red Contre*,6x20 Ceramic Flat Border,1,6x20,852A,6812,
523,204410937,A06GZGMA-GY0.G0P,A-06 Border/Red Contre*,6x20 Ceramic Flat Border,1,6x20,R5AN17R1EC,6812,
524,204410942,A06GZGMA-GY0.G0P,A-06 Border/Red Contre*,6x20 Ceramic Flat Border,1,6x20,R5AS17R3EC,6812,
525,204410943,A06GZGMA-GY0.G0P,A-06 Border/Red Contre*,6x20 Ceramic Flat Border,1,6x20,R5AS17RBEC,6812,
526,204411020,A06GZGMA-GY0.G0P,A-06 Border/Red Contre*,6x20 Ceramic Flat Border,1,6x20,RZASI7R3EC,6812,
527,220440515,A06GZSMK.WH0. G0P,A-06 Border/Red Contre*,6x20 Ceramic Flat Border,1,6x20,847A,6812,
528,220440938,A06GZSMK.WH0. G0P,A-06 Border/Red Contre*,6x20 Ceramic Flat Border,1,6x20,R5AN17R2EC,6812,
529,220440941,A06GZSMK.WH0. G0P,A-06 Border/Red Contre*,6x20 Ceramic Flat Border,1,6x20,R5AS17R1EC,6812,
530,220440944,A06GZSMK.WH0. G0P,A-06 Border/Red Contre*,6x20 Ceramic Flat Border,1,6x20,R5AS17RIEC,6812,
531,220440945,A06GZSMK.WH0. G0P,A-06 Border/Red Contre*,6x20 Ceramic Flat Border,1,6x20,R5ASA7R1EC,6812,
532,220440995,A06GZSMK.WH0. G0P,A-06 Border/Red Contre*,6x20 Ceramic Flat Border,1,6x20,RSAS17RIEC,6812,
533,220441019,A06GZSMK.WH0. G0P,A-06 Border/Red Contre*,6x20 Ceramic Flat Border,1,6x20,RZASI7R1EC,6812,
534,220450916,A06GZSUR-0WH-M0R,A-06 Border/Red Contre*,6x20 Ceramic Flat Border,1,6x20,R0AN17R2EA,10536,
535,220450993,A06GZSUR-0WH-M0R,A-06 Border/Red Contre*,6x20 Ceramic Flat Border,1,6x20,ROAN17R2EA,10536,
536,204430916,A06GZSUR-0WH.M0R,A-06 Border/Red Contre*,6x20 Ceramic Flat Border,1,6x20,R0AN17R2EA,8818,
537,204430917,A06GZSUR-0WH.M0R,A-06 Border/Red Contre*,6x20 Ceramic Flat Border,1,6x20,R0AN17RZEA,8818,
538,220460937,A0GZABL-WH0.G0P,A-09 Border/ Ronda Blue*,6x20 Ceramic Flat Border,1,6x20,R5AN17R1EC,4,
539,220470204,A1.,A-09 Border/ Ronda Blue*,6x20 Ceramic Flat Border,1,6x20,1601-S1,4,
540,220480914,A1102,A-11 Border/ Sticks Border.,6x20 Ceramic Flat Border,1,6x20,PL150915002,751,
541,220490913,A1103,A-11 Border/ Sticks Border.,6x20 Ceramic Flat Border,1,6x20,PL150427002,751,
542,220500372,A1208,A-12 Border/ Cupido Border,6x20 Ceramic Flat Border,1,6x20,1710A,4283,
543,204460204,A2,A-19/ Green Garden Border(Pale),6x20 Ceramic Flat Border,1,6x20,1601-S1,1442,
544,204480527,A20RZENR-LBR.M0U,A20RZENR-LBR.M0U,20x20 Ceramic Tile,1,20x20,A017RZSA,65809,
545,204480548,A20RZENR-LBR.M0U,A20RZENR-LBR.M0U,20x20 Ceramic Tile,1,20x20,A2 A017R2SA,65809,
546,204480568,A20RZENR-LBR.M0U,A20RZENR-LBR.M0U,20x20 Ceramic Tile,1,20x20,A3,65809,
547,220510618,A20RZENR-LBR.M0U  ,A20RZENR-LBR.M0U,20x20 Ceramic Tile,1,20x20,AN17RZSA,65809,
548,204490546,A20RZENR-LGY.M0U,A20RZENR-LBR.M0U,20x20 Ceramic Tile,1,20x20,A2,65809,
549,204490550,A20RZENR-LGY.M0U,A20RZENR-LBR.M0U,20x20 Ceramic Tile,1,20x20,A2 A017RZSA,65809,
550,204490618,A20RZENR-LGY.M0U,A20RZENR-LBR.M0U,20x20 Ceramic Tile,1,20x20,AN17RZSA,65809,
551,204500527,A20RZMSA-DBR.M0U,A20RZMSA-DBR.M0U,20x20 Ceramic Tile,1,20x20,A017RZSA,60592,
552,204500546,A20RZMSA-DBR.M0U,A20RZMSA-DBR.M0U,20x20 Ceramic Tile,1,20x20,A2,60592,
553,204500565,A20RZMSA-DBR.M0U,A20RZMSA-DBR.M0U,20x20 Ceramic Tile,1,20x20,A2AN17RZSA,60592,
554,204500569,A20RZMSA-DBR.M0U,A20RZMSA-DBR.M0U,20x20 Ceramic Tile,1,20x20,A3 AN17R2SA,60592,
555,204500618,A20RZMSA-DBR.M0U,A20RZMSA-DBR.M0U,20x20 Ceramic Tile,1,20x20,AN17RZSA,60592,
556,204510527,A20RZMSA-GY0.M0U,A20RZMSA-GY0.M0U,20x20 Ceramic Tile,1,20x20,A017RZSA,66202,
557,204510546,A20RZMSA-GY0.M0U,A20RZMSA-GY0.M0U,20x20 Ceramic Tile,1,20x20,A2,66202,
558,204510548,A20RZMSA-GY0.M0U,A20RZMSA-GY0.M0U,20x20 Ceramic Tile,1,20x20,A2 A017R2SA,66202,
559,204510551,A20RZMSA-GY0.M0U,A20RZMSA-GY0.M0U,20x20 Ceramic Tile,1,20x20,A2 AN17RZSA,66202,
560,204510566,A20RZMSA-GY0.M0U,A20RZMSA-GY0.M0U,20x20 Ceramic Tile,1,20x20,A2AO17RZSA,66202,
561,204520527,A20RZMSA-IV0.M0U,A20RZMSA-IV0.M0U,20x20 Ceramic Tile,1,20x20,A017RZSA,67322,
562,204520546,A20RZMSA-IV0.M0U,A20RZMSA-IV0.M0U,20x20 Ceramic Tile,1,20x20,A2,67322,
563,204520551,A20RZMSA-IV0.M0U,A20RZMSA-IV0.M0U,20x20 Ceramic Tile,1,20x20,A2 AN17RZSA,67322,
564,204520618,A20RZMSA-IV0.M0U,A20RZMSA-IV0.M0U,20x20 Ceramic Tile,1,20x20,AN17RZSA,67322,
565,204530527,A20RZMSA-LBR.M0U,A20RZMSA-LBR.M0U,20x20 Ceramic Tile,1,20x20,A017RZSA,61925,
566,204530546,A20RZMSA-LBR.M0U,A20RZMSA-LBR.M0U,20x20 Ceramic Tile,1,20x20,A2,61925,
567,204530568,A20RZMSA-LBR.M0U,A20RZMSA-LBR.M0U,20x20 Ceramic Tile,1,20x20,A3,61925,
568,204530570,A20RZMSA-LBR.M0U,A20RZMSA-LBR.M0U,20x20 Ceramic Tile,1,20x20,A3 AN17RZSA,61925,
569,204540440,A21SSWIM-LBL.G0U,A20RZMSA-LBR.M0U,20x20 Ceramic Tile,1,20x20,17R2SD,1079,
570,204550440,A21SSWIM-WH0.G0U,A21SSWIM-LBL.G0U (NEW),11.7x24.5 Ceramic Tile,1,11.7x24.5,17R2SD,42424,
571,204560568,A23SZCBR-BE0.M2U,A23SZCBR-BE0.M2U,20x23 Ceramic Hexagon Tile,1,20x23,A3,10236,
572,204560576,A23SZCBR-BE0.M2U,A23SZCBR-BE0.M2U,20x23 Ceramic Hexagon Tile,1,20x23,A3AH17R2EE,10236,
573,204560578,A23SZCBR-BE0.M2U,A23SZCBR-BE0.M2U,20x23 Ceramic Hexagon Tile,1,20x23,A3AM17R2EE,10236,
574,204560580,A23SZCBR-BE0.M2U,A23SZCBR-BE0.M2U,20x23 Ceramic Hexagon Tile,1,20x23,A3AT17R2EE,10236,
575,204570568,A23SZCBR-BR0.M2U,A23SZCBR-BE0.M2U,20x23 Ceramic Hexagon Tile,1,20x23,A3,10236,
576,204580568,A23SZCBR-DGY.M2U,A23SZCBR-DGY.M2U,20x23 Ceramic Hexagon Tile,1,20x23,A3,21074,
577,204580575,A23SZCBR-DGY.M2U,A23SZCBR-DGY.M2U,20x23 Ceramic Hexagon Tile,1,20x23,A3AA17R2SD,21074,
578,204580578,A23SZCBR-DGY.M2U,A23SZCBR-DGY.M2U,20x23 Ceramic Hexagon Tile,1,20x23,A3AM17R2EE,21074,
579,204590568,A23SZCBR-LGY.M2U,A23SZCBR-LGY.M2U,20x23 Ceramic Hexagon Tile,1,20x23,A3,10010,
580,204590578,A23SZCBR-LGY.M2U,A23SZCBR-LGY.M2U,20x23 Ceramic Hexagon Tile,1,20x23,A3AM17R2EE,10010,
581,204590582,A23SZCBR-LGY.M2U,A23SZCBR-LGY.M2U,20x23 Ceramic Hexagon Tile,1,20x23,A3ATI7R2EE,10010,
582,204600568,A23SZLNW-BE0.M2U,A23SZLNW-BE0.M2U,20x23 Ceramic Hexagon Tile,1,20x23,A3,9992,
583,204600575,A23SZLNW-BE0.M2U,A23SZLNW-BE0.M2U,20x23 Ceramic Hexagon Tile,1,20x23,A3AA17R2SD,9992,
584,204600577,A23SZLNW-BE0.M2U,A23SZLNW-BE0.M2U,20x23 Ceramic Hexagon Tile,1,20x23,A3AM17,9992,
585,204600578,A23SZLNW-BE0.M2U,A23SZLNW-BE0.M2U,20x23 Ceramic Hexagon Tile,1,20x23,A3AM17R2EE,9992,
586,204600580,A23SZLNW-BE0.M2U,A23SZLNW-BE0.M2U,20x23 Ceramic Hexagon Tile,1,20x23,A3AT17R2EE,9992,
587,204610568,A23SZLNW-DBE.M2U,A23SZLNW-DBE.M2U,20x23 Ceramic Hexagon Tile,1,20x23,A3,10214,
588,204610575,A23SZLNW-DBE.M2U,A23SZLNW-DBE.M2U,20x23 Ceramic Hexagon Tile,1,20x23,A3AA17R2SD,10214,
589,204620575,A23SZLNW-DBR.M2U,A23SZLNW-DBR.M2U,20x23 Ceramic Hexagon Tile,1,20x23,A3AA17R2SD,9634,
590,204630568,A23SZLNW-IV0.M2U,A23SZLNW-IV0.M2U,20x23 Ceramic Hexagon Tile,1,20x23,A3,10004,
591,204630575,A23SZLNW-IV0.M2U,A23SZLNW-IV0.M2U,20x23 Ceramic Hexagon Tile,1,20x23,A3AA17R2SD,10004,
592,204630581,A23SZLNW-IV0.M2U,A23SZLNW-IV0.M2U,20x23 Ceramic Hexagon Tile,1,20x23,A3ATI17R2EE,10004,
593,204640568,A23SZLNW-NU0.M2U,A23SZLNW-NU0.M2U,20x23 Ceramic Hexagon Tile,1,20x23,A3,9994,
594,204640575,A23SZLNW-NU0.M2U,A23SZLNW-NU0.M2U,20x23 Ceramic Hexagon Tile,1,20x23,A3AA17R2SD,9994,
595,204650568,A23SZPRB-WH0.M0U,A23SZLNW-NU0.M2U,20x23 Ceramic Hexagon Tile,1,20x23,A3,9994,
596,204650579,A23SZPRB-WH0.M0U,A23SZLNW-NU0.M2U,20x23 Ceramic Hexagon Tile,1,20x23,A3AS17R2EE,9994,
597,220520580,A23SZPRB-WH0.M0U  ,A23SZLNW-NU0.M2U,20x23 Ceramic Hexagon Tile,1,20x23,A3AT17R2EE,9994,
598,204660204,A3,A3/ Wenge Wood,11.2x45  Ceramic Tile (Inkjet)(28/box),1,11.2x45,1601-S1,6395,
599,220530017,A321,A3/ Wenge Wood,11.2x45  Ceramic Tile (Inkjet)(28/box),1,11.2x45,17,0,
600,220530531,A321,A3/ Wenge Wood,11.2x45  Ceramic Tile (Inkjet)(28/box),1,11.2x45,A1,0,
601,220530546,A321,A3/ Wenge Wood,11.2x45  Ceramic Tile (Inkjet)(28/box),1,11.2x45,A2,0,
602,220530585,A321,A3/ Wenge Wood,11.2x45  Ceramic Tile (Inkjet)(28/box),1,11.2x45,A4,0,
603,220530607,A321,A3/ Wenge Wood,11.2x45  Ceramic Tile (Inkjet)(28/box),1,11.2x45,A7,0,
604,220530980,A321,A3/ Wenge Wood,11.2x45  Ceramic Tile (Inkjet)(28/box),1,11.2x45,RED STRAP,0,
605,220531046,A321,A3/ Wenge Wood,11.2x45  Ceramic Tile (Inkjet)(28/box),1,11.2x45,X3,0,
606,204670204,A4,A4/ Wenge Bark,11.2x45  Ceramic Tile (Inkjet)(28/box),1,11.2x45,1601-S1,8646,
607,204680226,A41,A41/ Cayman Brown,40x40 Ceramic Matte (10/box),1,40x40,1605A,9140,
608,204680231,A41,A41/ Cayman Brown,40x40 Ceramic Matte (10/box),1,40x40,1606A,9140,
609,204680326,A41,A41/ Cayman Brown,40x40 Ceramic Matte (10/box),1,40x40,1705A,9140,
610,204680479,A41,A41/ Cayman Brown,40x40 Ceramic Matte (10/box),1,40x40,201601A,9140,
611,204690226,A42,A42/ Chester Wood,40x40 Ceramic Matte (10/box),1,40x40,1605A,5383,
612,204690231,A42,A42/ Chester Wood,40x40 Ceramic Matte (10/box),1,40x40,1606A,5383,
613,204690238,A42,A42/ Chester Wood,40x40 Ceramic Matte (10/box),1,40x40,1607A,5383,
614,204690326,A42,A42/ Chester Wood,40x40 Ceramic Matte (10/box),1,40x40,1705A,5383,
615,204690329,A42,A42/ Chester Wood,40x40 Ceramic Matte (10/box),1,40x40,1705C,5383,
616,204690361,A42,A42/ Chester Wood,40x40 Ceramic Matte (10/box),1,40x40,1709A,5383,
617,204690479,A42,A42/ Chester Wood,40x40 Ceramic Matte (10/box),1,40x40,201601A,5383,
618,204690481,A42,A42/ Chester Wood,40x40 Ceramic Matte (10/box),1,40x40,201601C,5383,
619,204700231,A43,A43/ Hampton Grey,40x40 Ceramic Matte (10/box),1,40x40,1606A,5550,
620,204700326,A43,A43/ Hampton Grey,40x40 Ceramic Matte (10/box),1,40x40,1705A,5550,
621,204700328,A43,A43/ Hampton Grey,40x40 Ceramic Matte (10/box),1,40x40,1705B,5550,
622,204700331,A43,A43/ Hampton Grey,40x40 Ceramic Matte (10/box),1,40x40,1705D,5550,
623,204700361,A43,A43/ Hampton Grey,40x40 Ceramic Matte (10/box),1,40x40,1709A,5550,
624,204700480,A43,A43/ Hampton Grey,40x40 Ceramic Matte (10/box),1,40x40,201601B,5550,
625,204710008,A44,A44/ Hampton Brown,40x40 Ceramic Matte (10/box),1,40x40,8,9910,
626,204710226,A44,A44/ Hampton Brown,40x40 Ceramic Matte (10/box),1,40x40,1605A,9910,
627,204710238,A44,A44/ Hampton Brown,40x40 Ceramic Matte (10/box),1,40x40,1607A,9910,
628,204710326,A44,A44/ Hampton Brown,40x40 Ceramic Matte (10/box),1,40x40,1705A,9910,
629,204710329,A44,A44/ Hampton Brown,40x40 Ceramic Matte (10/box),1,40x40,1705C,9910,
630,204710361,A44,A44/ Hampton Brown,40x40 Ceramic Matte (10/box),1,40x40,1709A,9910,
631,204710479,A44,A44/ Hampton Brown,40x40 Ceramic Matte (10/box),1,40x40,201601A,9910,
632,204710592,A44,A44/ Hampton Brown,40x40 Ceramic Matte (10/box),1,40x40,A44,9910,
633,204770226,A46,A46/ Wilmington Wood,40x40 Ceramic Matte (10/box),1,40x40,1605A,3319,
634,204770247,A46,A46/ Wilmington Wood,40x40 Ceramic Matte (10/box),1,40x40,160BA,3319,
635,204770250,A46,A46/ Wilmington Wood,40x40 Ceramic Matte (10/box),1,40x40,1610A,3319,
636,204770326,A46,A46/ Wilmington Wood,40x40 Ceramic Matte (10/box),1,40x40,1705A,3319,
637,204770361,A46,A46/ Wilmington Wood,40x40 Ceramic Matte (10/box),1,40x40,1709A,3319,
638,204770474,A46,A46/ Wilmington Wood,40x40 Ceramic Matte (10/box),1,40x40,201301B,3319,
639,204770479,A46,A46/ Wilmington Wood,40x40 Ceramic Matte (10/box),1,40x40,201601A,3319,
640,204770480,A46,A46/ Wilmington Wood,40x40 Ceramic Matte (10/box),1,40x40,201601B,3319,
641,204770531,A46,A46/ Wilmington Wood,40x40 Ceramic Matte (10/box),1,40x40,A1,3319,
642,204780226,A47,A47/ Zimbabwe Gres,40x40 Ceramic Matte (10/box),1,40x40,1605A,40287,
643,204780250,A47,A47/ Zimbabwe Gres,40x40 Ceramic Matte (10/box),1,40x40,1610A,40287,
644,204790204,A5,A5/ Wenge Klasik,11.2x45  Ceramic Tile (Inkjet)(28/box),1,11.2x45,1601-S1,11,
645,204810204,A6,A6/ Wenge Dark,11.2x45  Ceramic Tile (Inkjet)(28/box),1,11.2x45,1601-S1,20,
646,204820002,A6001,A6001/ Blanco Plain,60x60 Polished Granite Tile,1,60x60,2,29,
647,204820060,A6001,A6001/ Blanco Plain,60x60 Polished Granite Tile,1,60x60,80,29,
648,204820067,A6001,A6001/ Blanco Plain,60x60 Polished Granite Tile,1,60x60,103,29,
649,204820072,A6001,A6001/ Blanco Plain,60x60 Polished Granite Tile,1,60x60,143,29,
650,204820073,A6001,A6001/ Blanco Plain,60x60 Polished Granite Tile,1,60x60,144,29,
651,204820078,A6001,A6001/ Blanco Plain,60x60 Polished Granite Tile,1,60x60,160,29,
652,204820079,A6001,A6001/ Blanco Plain,60x60 Polished Granite Tile,1,60x60,171,29,
653,204820080,A6001,A6001/ Blanco Plain,60x60 Polished Granite Tile,1,60x60,172,29,
654,204840002,A6003,A6003/ Grain,60x60 Polished Granite Tile,1,60x60,2,1,
655,204840003,A6003,A6003/ Grain,60x60 Polished Granite Tile,1,60x60,3,1,
656,204840008,A6003,A6003/ Grain,60x60 Polished Granite Tile,1,60x60,8,1,
657,204840010,A6003,A6003/ Grain,60x60 Polished Granite Tile,1,60x60,10,1,
658,220540046,A613,A6003/ Grain,60x60 Polished Granite Tile,1,60x60,52,825,
659,204880204,A7,A7/ Wenge Mojave,11.2x45  Ceramic Tile (Inkjet)(28/box),1,11.2x45,1601-S1,0,
660,205310724,ABA6200,ABA6200/ Aspen Shine 60,60x60 Polished Granite (Synth),1,60x60,H103,70,
661,205310725,ABA6200,ABA6200/ Aspen Shine 60,60x60 Polished Granite (Synth),1,60x60,H104,70,
662,205310728,ABA6200,ABA6200/ Aspen Shine 60,60x60 Polished Granite (Synth),1,60x60,H110,70,
663,205310729,ABA6200,ABA6200/ Aspen Shine 60,60x60 Polished Granite (Synth),1,60x60,H111,70,
664,205310730,ABA6200,ABA6200/ Aspen Shine 60,60x60 Polished Granite (Synth),1,60x60,H141,70,
665,205310731,ABA6200,ABA6200/ Aspen Shine 60,60x60 Polished Granite (Synth),1,60x60,H142,70,
666,205310734,ABA6200,ABA6200/ Aspen Shine 60,60x60 Polished Granite (Synth),1,60x60,H16,70,
667,205310739,ABA6200,ABA6200/ Aspen Shine 60,60x60 Polished Granite (Synth),1,60x60,H18,70,
668,205310747,ABA6200,ABA6200/ Aspen Shine 60,60x60 Polished Granite (Synth),1,60x60,H20,70,
669,205310783,ABA6200,ABA6200/ Aspen Shine 60,60x60 Polished Granite (Synth),1,60x60,H46,70,
670,205310795,ABA6200,ABA6200/ Aspen Shine 60,60x60 Polished Granite (Synth),1,60x60,H56,70,
671,205310797,ABA6200,ABA6200/ Aspen Shine 60,60x60 Polished Granite (Synth),1,60x60,H61,70,
672,205320625,ABA6200C30,ABA6200/ Aspen Shine 60,60x60 Polished Granite (Synth),1,60x60,C186,31569,
673,205330643,ABA6500,ABA6500/ Super White 60,60x60 Polished Granite,1,60x60,E121,3,
674,205330726,ABA6500,ABA6500/ Super White 60,60x60 Polished Granite,1,60x60,H107,3,
675,205330733,ABA6500,ABA6500/ Super White 60,60x60 Polished Granite,1,60x60,H151,3,
676,205330737,ABA6500,ABA6500/ Super White 60,60x60 Polished Granite,1,60x60,H170,3,
677,205330738,ABA6500,ABA6500/ Super White 60,60x60 Polished Granite,1,60x60,H171,3,
678,205330740,ABA6500,ABA6500/ Super White 60,60x60 Polished Granite,1,60x60,H186,3,
679,205330741,ABA6500,ABA6500/ Super White 60,60x60 Polished Granite,1,60x60,H187,3,
680,205330742,ABA6500,ABA6500/ Super White 60,60x60 Polished Granite,1,60x60,H188,3,
681,205330743,ABA6500,ABA6500/ Super White 60,60x60 Polished Granite,1,60x60,H190,3,
682,205330749,ABA6500,ABA6500/ Super White 60,60x60 Polished Granite,1,60x60,H24,3,
683,205330752,ABA6500,ABA6500/ Super White 60,60x60 Polished Granite,1,60x60,H243,3,
684,205330753,ABA6500,ABA6500/ Super White 60,60x60 Polished Granite,1,60x60,H244,3,
685,205330807,ABA6500,ABA6500/ Super White 60,60x60 Polished Granite,1,60x60,H85,3,
686,205330816,ABA6500,ABA6500/ Super White 60,60x60 Polished Granite,1,60x60,HR6,3,
687,220550352,AI018,AGA6500C/ Super White 36.,30x60 Polished Granite,1,30x60,1708A,0,
688,205850161,AI019,AI019/ IAI019  Neutra Mahogany,15x60 Ceramic Tile (Inkjet),1,15x60,201505,0,
689,205850195,AI019,AI019/ IAI019  Neutra Mahogany,15x60 Ceramic Tile (Inkjet),1,15x60,151,0,
690,205850197,AI019,AI019/ IAI019  Neutra Mahogany,15x60 Ceramic Tile (Inkjet),1,15x60,151101A,0,
691,220560372,AI020,AI019/ IAI019  Neutra Mahogany,15x60 Ceramic Tile (Inkjet),1,15x60,1710A,106,
692,220570203,AI021,AI019/ IAI019  Neutra Mahogany,15x60 Ceramic Tile (Inkjet),1,15x60,1512S1,106,
693,220580352,AI022,AI019/ IAI019  Neutra Mahogany,15x60 Ceramic Tile (Inkjet),1,15x60,1708A,106,
694,220590372,AI023,AI019/ IAI019  Neutra Mahogany,15x60 Ceramic Tile (Inkjet),1,15x60,1710A,106,
695,220600119,AI024/ IA024,AI024/ IAI024 Neutra Narra,15x60 Ceramic Tile (Inkjet),1,15x60,1707,106,
696,205870180,AI205,AI205/ Neutra Simple Wood,20x100 Ceramic Tile (Inkjet),1,20x100,1501201A,22638,
697,205870265,AI205,AI205/ Neutra Simple Wood,20x100 Ceramic Tile (Inkjet),1,20x100,1611A,22638,
698,205870315,AI205,AI205/ Neutra Simple Wood,20x100 Ceramic Tile (Inkjet),1,20x100,1704A,22638,
699,205870352,AI205,AI205/ Neutra Simple Wood,20x100 Ceramic Tile (Inkjet),1,20x100,1708A,22638,
700,205870372,AI205,AI205/ Neutra Simple Wood,20x100 Ceramic Tile (Inkjet),1,20x100,1710A,22638,
701,205880265,AI206,AI206/ Neutra Agave,20x100 Ceramic Tile (Inkjet),1,20x100,1611A,15040,
702,205880352,AI206,AI206/ Neutra Agave,20x100 Ceramic Tile (Inkjet),1,20x100,1708A,15040,
703,205880386,AI206,AI206/ Neutra Agave,20x100 Ceramic Tile (Inkjet),1,20x100,1711A,15040,
704,205890131,AI207,AI206/ Neutra Agave,20x100 Ceramic Tile (Inkjet),1,20x100,16114,5529,
705,205890386,AI207,AI206/ Neutra Agave,20x100 Ceramic Tile (Inkjet),1,20x100,1711A,5529,
706,205900126,AI208,AI208,20x100 Ceramic Tile (Inkjet) (5/box),1,20x100,1801,5706,
707,205900372,AI208,AI208,20x100 Ceramic Tile (Inkjet) (5/box),1,20x100,1710A,5706,
708,205910376,AI209,AI209,20x100 Ceramic Tile (Inkjet) (5/box),1,20x100,1710B,16410,
709,205920361,AI210,AI210,20x100 Ceramic Tile (Inkjet) (5/box),1,20x100,1709A,17823,
710,205920363,AI210,AI210,20x100 Ceramic Tile (Inkjet) (5/box),1,20x100,1709B,17823,
711,220610231,AI402,AI211,20x100 Ceramic Tile (Inkjet) (5/box),1,20x100,1606A,5164,
712,220620190,AI403,AI211,20x100 Ceramic Tile (Inkjet) (5/box),1,20x100,1508A,5164,
713,205930114,AI561,AI211,20x100 Ceramic Tile (Inkjet) (5/box),1,20x100,1611,5164,
714,205930265,AI561,AI211,20x100 Ceramic Tile (Inkjet) (5/box),1,20x100,1611A,5164,
715,205960002,AK6003,AK6003/ Solid Black.,60x60 Polished Granite Tile,1,60x60,2,0,
716,205960008,AK6003,AK6003/ Solid Black.,60x60 Polished Granite Tile,1,60x60,8,0,
717,205970620,AK6004,AK6004/ Superblack 4,60x60 Polished Granite Tile (FB Synth),1,60x60,B1,0,
718,205970842,AK6004,AK6004/ Superblack 4,60x60 Polished Granite Tile (FB Synth),1,60x60,K100,0,
719,205970844,AK6004,AK6004/ Superblack 4,60x60 Polished Granite Tile (FB Synth),1,60x60,K53,0,
720,205970845,AK6004,AK6004/ Superblack 4,60x60 Polished Granite Tile (FB Synth),1,60x60,K56,0,
721,205970853,AK6004,AK6004/ Superblack 4,60x60 Polished Granite Tile (FB Synth),1,60x60,L30,0,
722,205980559,AK6004C,AK6004C/ Super Black 3060,30x60 Polished Granite Tile (FB),1,30x60,A23,16,
723,205980560,AK6004C,AK6004C/ Super Black 3060,30x60 Polished Granite Tile (FB),1,30x60,A24,16,
724,205980561,AK6004C,AK6004C/ Super Black 3060,30x60 Polished Granite Tile (FB),1,30x60,A25,16,
725,205980599,AK6004C,AK6004C/ Super Black 3060,30x60 Polished Granite Tile (FB),1,30x60,A53,16,
726,205980704,AK6004C,AK6004C/ Super Black 3060,30x60 Polished Granite Tile (FB),1,30x60,F25,16,
727,205980844,AK6004C,AK6004C/ Super Black 3060,30x60 Polished Granite Tile (FB),1,30x60,K53,16,
728,205990016,AK602,AK602/ Pietra Beige,60x60 Polished Granite Tile),1,60x60,16,768,
729,205990042,AK602,AK602/ Pietra Beige,60x60 Polished Granite Tile),1,60x60,45,768,
730,205990043,AK602,AK602/ Pietra Beige,60x60 Polished Granite Tile),1,60x60,46,768,
731,205990047,AK602,AK602/ Pietra Beige,60x60 Polished Granite Tile),1,60x60,53,768,
732,205990593,AK602,AK602/ Pietra Beige,60x60 Polished Granite Tile),1,60x60,A45,768,
733,205990597,AK602,AK602/ Pietra Beige,60x60 Polished Granite Tile),1,60x60,A51,768,
734,205990598,AK602,AK602/ Pietra Beige,60x60 Polished Granite Tile),1,60x60,A52,768,
735,205990599,AK602,AK602/ Pietra Beige,60x60 Polished Granite Tile),1,60x60,A53,768,
736,205990857,AK602,AK602/ Pietra Beige,60x60 Polished Granite Tile),1,60x60,M215,768,
737,205991021,AK602,AK602/ Pietra Beige,60x60 Polished Granite Tile),1,60x60,S3,768,
738,206000016,AK603,AK603/ Michigan Slate,60x60 Polished Granite Tile,1,60x60,16,4577,
739,206000033,AK603,AK603/ Michigan Slate,60x60 Polished Granite Tile,1,60x60,34,4577,
740,206000038,AK603,AK603/ Michigan Slate,60x60 Polished Granite Tile,1,60x60,40,4577,
741,206000040,AK603,AK603/ Michigan Slate,60x60 Polished Granite Tile,1,60x60,42,4577,
742,206000056,AK603,AK603/ Michigan Slate,60x60 Polished Granite Tile,1,60x60,73,4577,
743,206000062,AK603,AK603/ Michigan Slate,60x60 Polished Granite Tile,1,60x60,83,4577,
744,206000075,AK603,AK603/ Michigan Slate,60x60 Polished Granite Tile,1,60x60,154,4577,
745,206000593,AK603,AK603/ Michigan Slate,60x60 Polished Granite Tile,1,60x60,A45,4577,
746,206000599,AK603,AK603/ Michigan Slate,60x60 Polished Granite Tile,1,60x60,A53,4577,
747,206000600,AK603,AK603/ Michigan Slate,60x60 Polished Granite Tile,1,60x60,A54,4577,
748,206010010,AK604,AK604,60x60 Polished Granite,1,60x60,10,2417,
749,206010012,AK604,AK604,60x60 Polished Granite,1,60x60,12,2417,
750,206010015,AK604,AK604,60x60 Polished Granite,1,60x60,15,2417,
751,206010021,AK604,AK604,60x60 Polished Granite,1,60x60,21,2417,
752,206010027,AK604,AK604,60x60 Polished Granite,1,60x60,27,2417,
753,206010038,AK604,AK604,60x60 Polished Granite,1,60x60,40,2417,
754,206010039,AK604,AK604,60x60 Polished Granite,1,60x60,41,2417,
755,206010040,AK604,AK604,60x60 Polished Granite,1,60x60,42,2417,
756,206010042,AK604,AK604,60x60 Polished Granite,1,60x60,45,2417,
757,206040001,AK606L,AK606L/Teriyaki Rock (L),60x60 Polished Granite Tile-Light,1,60x60,1,0,
758,206040003,AK606L,AK606L/Teriyaki Rock (L),60x60 Polished Granite Tile-Light,1,60x60,3,0,
759,206040008,AK606L,AK606L/Teriyaki Rock (L),60x60 Polished Granite Tile-Light,1,60x60,8,0,
760,206040011,AK606L,AK606L/Teriyaki Rock (L),60x60 Polished Granite Tile-Light,1,60x60,11,0,
761,206040016,AK606L,AK606L/Teriyaki Rock (L),60x60 Polished Granite Tile-Light,1,60x60,16,0,
762,206040026,AK606L,AK606L/Teriyaki Rock (L),60x60 Polished Granite Tile-Light,1,60x60,26,0,
763,206040038,AK606L,AK606L/Teriyaki Rock (L),60x60 Polished Granite Tile-Light,1,60x60,40,0,
764,206040039,AK606L,AK606L/Teriyaki Rock (L),60x60 Polished Granite Tile-Light,1,60x60,41,0,
765,206040044,AK606L,AK606L/Teriyaki Rock (L),60x60 Polished Granite Tile-Light,1,60x60,48,0,
766,206040048,AK606L,AK606L/Teriyaki Rock (L),60x60 Polished Granite Tile-Light,1,60x60,63,0,
767,206040050,AK606L,AK606L/Teriyaki Rock (L),60x60 Polished Granite Tile-Light,1,60x60,65,0,
768,206040051,AK606L,AK606L/Teriyaki Rock (L),60x60 Polished Granite Tile-Light,1,60x60,66,0,
769,206040057,AK606L,AK606L/Teriyaki Rock (L),60x60 Polished Granite Tile-Light,1,60x60,75,0,
770,206040058,AK606L,AK606L/Teriyaki Rock (L),60x60 Polished Granite Tile-Light,1,60x60,76,0,
771,206040059,AK606L,AK606L/Teriyaki Rock (L),60x60 Polished Granite Tile-Light,1,60x60,77,0,
772,206050002,AK608,AK608/ Pietra Marron,60x60 Polished Granite Tile (FB),1,60x60,2,3554,
773,206050005,AK608,AK608/ Pietra Marron,60x60 Polished Granite Tile (FB),1,60x60,5,3554,
774,206050013,AK608,AK608/ Pietra Marron,60x60 Polished Granite Tile (FB),1,60x60,13,3554,
775,206050014,AK608,AK608/ Pietra Marron,60x60 Polished Granite Tile (FB),1,60x60,14,3554,
776,206050016,AK608,AK608/ Pietra Marron,60x60 Polished Granite Tile (FB),1,60x60,16,3554,
777,206050018,AK608,AK608/ Pietra Marron,60x60 Polished Granite Tile (FB),1,60x60,18,3554,
778,206050036,AK608,AK608/ Pietra Marron,60x60 Polished Granite Tile (FB),1,60x60,38,3554,
779,206060010,AK611,AK611/ Zinca Brown,60x60 Polished Granite Tile,1,60x60,10,4252,
780,206060011,AK611,AK611/ Zinca Brown,60x60 Polished Granite Tile,1,60x60,11,4252,
781,206080005,AK613,AK613/ Canyon Rock,60x60 Polished Granite Tile,1,60x60,5,0,
782,206080006,AK613,AK613/ Canyon Rock,60x60 Polished Granite Tile,1,60x60,6,0,
783,206080010,AK613,AK613/ Canyon Rock,60x60 Polished Granite Tile,1,60x60,10,0,
784,206080016,AK613,AK613/ Canyon Rock,60x60 Polished Granite Tile,1,60x60,16,0,
785,206080017,AK613,AK613/ Canyon Rock,60x60 Polished Granite Tile,1,60x60,17,0,
786,206080018,AK613,AK613/ Canyon Rock,60x60 Polished Granite Tile,1,60x60,18,0,
787,206080020,AK613,AK613/ Canyon Rock,60x60 Polished Granite Tile,1,60x60,20,0,
788,206080022,AK613,AK613/ Canyon Rock,60x60 Polished Granite Tile,1,60x60,22,0,
789,206080023,AK613,AK613/ Canyon Rock,60x60 Polished Granite Tile,1,60x60,23,0,
790,206080032,AK613,AK613/ Canyon Rock,60x60 Polished Granite Tile,1,60x60,33,0,
791,206080038,AK613,AK613/ Canyon Rock,60x60 Polished Granite Tile,1,60x60,40,0,
792,206080040,AK613,AK613/ Canyon Rock,60x60 Polished Granite Tile,1,60x60,42,0,
793,206080046,AK613,AK613/ Canyon Rock,60x60 Polished Granite Tile,1,60x60,52,0,
794,206100003,AK617,AK617/ Lava Pearl Black,60x60 Polished Granite Tile,1,60x60,3,1,
795,206140005,AK6603,AK6603/ Jade Shine,60x60 Polished Granite Tile,1,60x60,5,0,
796,206140006,AK6603,AK6603/ Jade Shine,60x60 Polished Granite Tile,1,60x60,6,0,
797,206140022,AK6603,AK6603/ Jade Shine,60x60 Polished Granite Tile,1,60x60,22,0,
798,206140023,AK6603,AK6603/ Jade Shine,60x60 Polished Granite Tile,1,60x60,23,0,
799,206140025,AK6603,AK6603/ Jade Shine,60x60 Polished Granite Tile,1,60x60,25,0,
800,206140061,AK6603,AK6603/ Jade Shine,60x60 Polished Granite Tile,1,60x60,81,0,
801,206140506,AK6603,AK6603/ Jade Shine,60x60 Polished Granite Tile,1,60x60,76,0,
802,206140516,AK6603,AK6603/ Jade Shine,60x60 Polished Granite Tile,1,60x60,85,0,
803,206360113,AM1,ALPHA02,20x100 Ceramic Tile-(For LIBIS),1,20x100,1609,1,
804,206360270,AM1,ALPHA02,20x100 Ceramic Tile-(For LIBIS),1,20x100,1612A,1,
805,206360307,AM1,ALPHA02,20x100 Ceramic Tile-(For LIBIS),1,20x100,1703A,1,
806,206360361,AM1,ALPHA02,20x100 Ceramic Tile-(For LIBIS),1,20x100,1709A,1,
807,206370116,AM2,AM1 Color Decks 1,15x80 Ceramic (Inkjet) (8/box),1,15x80,1703,8702,
808,206370245,AM2,AM1 Color Decks 1,15x80 Ceramic (Inkjet) (8/box),1,15x80,1609A,8702,
809,206370270,AM2,AM1 Color Decks 1,15x80 Ceramic (Inkjet) (8/box),1,15x80,1612A,8702,
810,206370307,AM2,AM1 Color Decks 1,15x80 Ceramic (Inkjet) (8/box),1,15x80,1703A,8702,
811,206380115,AM3,AM2 Color Decks 2,15x80 Ceramic (Inkjet) (8/box),1,15x80,1612,9256,
812,206380245,AM3,AM2 Color Decks 2,15x80 Ceramic (Inkjet) (8/box),1,15x80,1609A,9256,
813,206380270,AM3,AM2 Color Decks 2,15x80 Ceramic (Inkjet) (8/box),1,15x80,1612A,9256,
814,206390118,AM4,AM4,15x80 Ceramic (Inkjet) (8/box),1,15x80,1706,26566,
815,206390270,AM4,AM4,15x80 Ceramic (Inkjet) (8/box),1,15x80,1612A,26566,
816,206390326,AM4,AM4,15x80 Ceramic (Inkjet) (8/box),1,15x80,1705A,26566,
817,206480040,ASA4200,ASA4200/ Aspen Shine 40,40x40 Polished Granite (10/box),1,40x40,42,0,
818,206480054,ASA4200,ASA4200/ Aspen Shine 40,40x40 Polished Granite (10/box),1,40x40,71,0,
819,206480055,ASA4200,ASA4200/ Aspen Shine 40,40x40 Polished Granite (10/box),1,40x40,72,0,
820,206480065,ASA4200,ASA4200/ Aspen Shine 40,40x40 Polished Granite (10/box),1,40x40,88,0,
